domain,tld,ml_probability,source,features,is_dangerous_tld,has_brand,high_entropy,short_domain,entropy,domain_length,contains_brand,gsb_status,gsb_detail,gsb_checked_at
usnblezpasscom.xin,xin,0.028014999,phishtank,,False,False,False,False,3.794653473544342,18.0,0.0,safe,No unsafe content found,2026-01-11T19:00:18.858312
huwaifeng.cn,cn,0.04085543,certificates,dangerous_tld,True,False,False,False,3.4182958340544896,12.0,0.0,unknown,Status element not found,2026-01-11T19:00:26.509922
maahaya.cn,cn,0.099200785,certificates,dangerous_tld,True,False,False,False,2.5219280948873624,10.0,0.0,unknown,Status element not found,2026-01-11T19:00:39.003108
site-ontroetge.uno,uno,0.07780516,phishtank,,False,False,False,False,3.266332639970623,18.0,0.0,unknown,Status element not found,2026-01-11T19:00:51.021893
hezemusheng.cn,cn,0.23643954,certificates,dangerous_tld,True,False,False,False,3.182005814760214,14.0,0.0,unknown,Status element not found,2026-01-11T19:01:03.043751
3reer45.lat,lat,0.015024447,phishtank,dangerous_tld,True,False,False,False,3.0957952550009344,11.0,0.0,unknown,Status element not found,2026-01-11T19:01:15.042295
rakutenvdn.com,com,0.36539006,jpcert,brand,False,True,False,False,3.6644977792004623,14.0,1.0,unknown,Status element not found,2026-01-11T19:01:26.799634
mfgf.hu,hu,0.04384275,jpcert,short,False,False,False,True,2.5216406363433186,7.0,0.0,unknown,Status element not found,2026-01-11T19:01:39.213135
dniperu.online,online,0.13910288,phishtank,dangerous_tld,True,False,False,False,3.182005814760214,14.0,0.0,unknown,Status element not found,2026-01-11T19:01:51.526952
thesocial.cn,cn,0.064192824,certificates,dangerous_tld,True,False,False,False,3.418295834054489,12.0,0.0,unknown,Status element not found,2026-01-11T19:02:03.961189
inicioraiker.site,site,0.12691689,phishtank,dangerous_tld,True,False,False,False,3.169248695695233,17.0,0.0,unknown,Status element not found,2026-01-11T19:02:16.376150
sheilhoward.bond,bond,0.13747807,jpcert,,False,False,False,False,3.625,16.0,0.0,unknown,Status element not found,2026-01-11T19:02:28.592848
senatgold.space,space,0.053218823,phishtank,,False,False,False,False,3.506890595608518,15.0,0.0,unknown,Status element not found,2026-01-11T19:02:40.575941
uacm.cn,cn,0.38581547,jpcert,"dangerous_tld,,short",True,False,False,True,2.5216406363433186,7.0,0.0,unknown,Status element not found,2026-01-11T19:02:52.345767
digitalplace.space,space,0.04290016,phishtank,,False,False,False,False,3.350209029099897,18.0,0.0,unknown,Status element not found,2026-01-11T19:03:03.736185
waa.ai,ai,0.04108249,jpcert,short,False,False,False,True,1.7924812503605778,6.0,0.0,safe,No unsafe content found,2026-01-11T19:03:16.200581
daycom.cn,cn,0.024509927,jpcert,dangerous_tld,True,False,False,False,2.94770277922009,9.0,0.0,safe,No unsafe content found,2026-01-11T19:03:22.579371
login-sagaccouplely.xyz,xyz,0.01166263,jpcert,dangerous_tld,True,False,False,False,3.882045108136863,23.0,0.0,safe,No unsafe content found,2026-01-11T19:03:29.674851
correos.lol,lol,0.13270703,jpcert,,False,False,False,False,2.663532754804255,11.0,0.0,safe,No unsafe content found,2026-01-11T19:03:36.302588
internetaboneligi.name.tr,tr,0.013269692,phishtank,,False,False,False,False,3.383465189601646,25.0,0.0,safe,No unsafe content found,2026-01-11T19:03:42.931170
che-post.work,work,0.09384331,phishtank,,False,False,False,False,3.5465935642949384,13.0,0.0,safe,No unsafe content found,2026-01-11T19:03:49.544994
3t.fit,fit,0.49313715,certificates,short,False,False,False,True,2.2516291673878226,6.0,0.0,safe,No unsafe content found,2026-01-11T19:03:56.175918
ups.com-qwaf.cc,cc,0.1505799,phishtank,dangerous_tld,True,False,False,False,3.456564762130953,15.0,0.0,safe,No unsafe content found,2026-01-11T19:04:03.280514
cemev.com.ar,ar,0.040796332,phishtank,,False,False,False,False,2.9182958340544896,12.0,0.0,safe,No unsafe content found,2026-01-11T19:04:10.404721
emghjoue.top,top,0.04681352,phishtank,dangerous_tld,True,False,False,False,3.2516291673878226,12.0,0.0,unknown,Status element not found,2026-01-11T19:04:17.521232
servicesevri.today,today,0.34391657,phishtank,,False,False,False,False,3.4613201402110083,18.0,0.0,unknown,Status element not found,2026-01-11T19:04:29.178954
qcwiale.cn,cn,0.01005048,jpcert,dangerous_tld,True,False,False,False,3.121928094887362,10.0,0.0,unknown,Status element not found,2026-01-11T19:04:41.558578
svmschool.edu.bd,bd,0.21364836,jpcert,,False,False,False,False,3.5,16.0,0.0,safe,No unsafe content found,2026-01-11T19:04:53.857554
coins.moe,moe,0.002262879,certificates,,False,False,False,False,2.94770277922009,9.0,0.0,safe,No unsafe content found,2026-01-11T19:05:00.219948
ggetech.us,us,0.038372386,phishtank,,False,False,False,False,2.9219280948873623,10.0,0.0,safe,No unsafe content found,2026-01-11T19:05:07.348324
qge8o8.cn,cn,0.25755936,jpcert,dangerous_tld,True,False,False,False,2.94770277922009,9.0,0.0,safe,No unsafe content found,2026-01-11T19:05:14.438408
nprant-naice-amoneomn.top,top,0.35753575,jpcert,dangerous_tld,True,False,False,False,3.399079570624174,25.0,0.0,unknown,Status element not found,2026-01-11T19:05:21.073018
diary-jp.icu,icu,0.18938172,phishtank,dangerous_tld,True,False,False,False,3.418295834054489,12.0,0.0,unknown,Status element not found,2026-01-11T19:05:32.932860
i5s.top,top,0.033451352,certificates,"dangerous_tld,,short",True,False,False,True,2.807354922057604,7.0,0.0,safe,No unsafe content found,2026-01-11T19:05:45.298270
ng1v2q6q.lat,lat,0.30048975,phishtank,dangerous_tld,True,False,False,False,3.418295834054489,12.0,0.0,safe,No unsafe content found,2026-01-11T19:05:52.397731
brabra-trocadepontos.shop,shop,0.4103845,phishtank,,False,False,False,False,3.6234651896016463,25.0,0.0,safe,No unsafe content found,2026-01-11T19:05:59.482882
3c5.com,com,0.026853863,jpcert,short,False,False,False,True,2.5216406363433186,7.0,0.0,safe,No unsafe content found,2026-01-11T19:06:06.112603
ufjbank.icu,icu,0.35865232,certificates,dangerous_tld,True,False,False,False,3.2776134368191165,11.0,0.0,safe,No unsafe content found,2026-01-11T19:06:12.738742
feab.com.cn,cn,0.45630464,jpcert,dangerous_tld,True,False,False,False,3.095795255000934,11.0,0.0,safe,No unsafe content found,2026-01-11T19:06:19.367613
myetherwallet.comko.cc,cc,0.12316029,jpcert,dangerous_tld,True,False,False,False,3.5726236638951643,22.0,0.0,safe,No unsafe content found,2026-01-11T19:06:25.990355
amejp.top,top,0.25109252,certificates,dangerous_tld,True,False,False,False,2.94770277922009,9.0,0.0,unknown,Status element not found,2026-01-11T19:06:33.070545
megancroft.bond,bond,0.2810247,certificates,,False,False,False,False,3.640223928941852,15.0,0.0,unknown,Status element not found,2026-01-11T19:06:45.168649
inbook.cc,cc,0.023286823,certificates,dangerous_tld,True,False,False,False,2.725480556997868,9.0,0.0,safe,No unsafe content found,2026-01-11T19:06:56.544866
shxieer.cn,cn,0.010443648,jpcert,dangerous_tld,True,False,False,False,3.121928094887362,10.0,0.0,safe,No unsafe content found,2026-01-11T19:07:03.629704
gwcj.cn,cn,0.43694508,certificates,"dangerous_tld,,short",True,False,False,True,2.5216406363433186,7.0,0.0,unknown,Status element not found,2026-01-11T19:07:10.271915
verfication-my-ama.zone,zone,0.46664664,jpcert,,False,False,False,False,3.795088586397733,23.0,0.0,unknown,Status element not found,2026-01-11T19:07:21.907266
kobayashi.farm,farm,0.05382278,jpcert,,False,False,False,False,3.4677201004745006,14.0,0.0,safe,No unsafe content found,2026-01-11T19:07:33.871390
myjcb-no.me,me,0.050749578,jpcert,,False,False,False,False,3.2776134368191165,11.0,0.0,unknown,Status element not found,2026-01-11T19:07:40.970702
kuronekoyamat.cc,cc,0.24210162,certificates,dangerous_tld,True,False,False,False,3.5,16.0,0.0,safe,No unsafe content found,2026-01-11T19:07:53.099490
mlrip.ac.in,in,0.04550446,phishtank,,False,False,False,False,3.095795255000934,11.0,0.0,safe,No unsafe content found,2026-01-11T19:08:00.217802
fastsettlementhub.click,click,0.047025576,phishtank,dangerous_tld,True,False,False,False,3.708132064658602,23.0,0.0,safe,No unsafe content found,2026-01-11T19:08:07.329208
aifulbizc.sbs,sbs,0.46745738,jpcert,dangerous_tld,True,False,False,False,3.238901256602631,13.0,0.0,safe,No unsafe content found,2026-01-11T19:08:13.736720
rahropub.ir,ir,0.02016715,jpcert,,False,False,False,False,3.027169118440619,11.0,0.0,unknown,Status element not found,2026-01-11T19:08:20.154401
futurethink.co.za,za,0.06735991,phishtank,,False,False,False,False,3.734521664779752,17.0,0.0,unknown,Status element not found,2026-01-11T19:08:31.560188
specialm.cn,cn,0.19860026,jpcert,dangerous_tld,True,False,False,False,3.277613436819116,11.0,0.0,safe,No unsafe content found,2026-01-11T19:08:43.667965
secure-jp.icu,icu,0.21016133,phishtank,dangerous_tld,True,False,False,False,3.238901256602631,13.0,0.0,unknown,Status element not found,2026-01-11T19:08:50.766455
rxqi.cn,cn,0.22006786,jpcert,"dangerous_tld,,short",True,False,False,True,2.807354922057604,7.0,0.0,unsafe,Some pages unsafe,2026-01-11T19:09:02.159456
rowearchitectlove.cc,cc,0.027913405,jpcert,dangerous_tld,True,False,False,False,3.384183719779189,20.0,0.0,safe,No unsafe content found,2026-01-11T19:09:08.911847
urlsurvey.co.in,in,0.032826677,jpcert,,False,False,False,False,3.5068905956085183,15.0,0.0,safe,No unsafe content found,2026-01-11T19:09:16.037823
mang123.cn,cn,0.057025705,certificates,dangerous_tld,True,False,False,False,3.121928094887362,10.0,0.0,safe,No unsafe content found,2026-01-11T19:09:22.432891
dejoq.cn,cn,0.21166058,jpcert,dangerous_tld,True,False,False,False,3.0,8.0,0.0,safe,No unsafe content found,2026-01-11T19:09:28.861524
msm-sonnenschutz.at,at,0.012393552,phishtank,,False,False,False,False,3.5368867237421666,19.0,0.0,safe,No unsafe content found,2026-01-11T19:09:35.285379
wioenl.cn,cn,0.2413124,jpcert,dangerous_tld,True,False,False,False,2.94770277922009,9.0,0.0,safe,No unsafe content found,2026-01-11T19:09:42.363783
ibndesign.xyz,xyz,0.106777065,phishtank,dangerous_tld,True,False,False,False,3.3927474104487847,13.0,0.0,unknown,Status element not found,2026-01-11T19:09:49.446513
idf-dhl.com,com,0.364513,phishtank,brand,False,True,False,False,3.2776134368191165,11.0,1.0,safe,No unsafe content found,2026-01-11T19:10:01.528373
amzoneid54620-jp.com,com,0.017706476,jpcert,high_entropy,False,False,True,False,4.121928094887362,20.0,0.0,safe,No unsafe content found,2026-01-11T19:10:08.648957
kuronekoyamcato.top,top,0.4916233,jpcert,dangerous_tld,True,False,False,False,3.511085408180427,19.0,0.0,safe,No unsafe content found,2026-01-11T19:10:15.776121
tg1.com.cn,cn,0.04967136,jpcert,dangerous_tld,True,False,False,False,2.921928094887362,10.0,0.0,safe,No unsafe content found,2026-01-11T19:10:22.173382
jllia.cn,cn,0.2012805,jpcert,dangerous_tld,True,False,False,False,2.75,8.0,0.0,safe,No unsafe content found,2026-01-11T19:10:28.605051
bgnroh.xyz,xyz,0.16711088,phishtank,dangerous_tld,True,False,False,False,3.321928094887362,10.0,0.0,safe,No unsafe content found,2026-01-11T19:10:35.009088
hzoq.cn,cn,0.18375921,certificates,"dangerous_tld,,short",True,False,False,True,2.807354922057604,7.0,0.0,unknown,Status element not found,2026-01-11T19:10:41.438092
suaponto.top,top,0.009723272,phishtank,dangerous_tld,True,False,False,False,2.8553885422075336,12.0,0.0,safe,No unsafe content found,2026-01-11T19:10:53.109249
u-m.top,top,0.11110871,jpcert,"dangerous_tld,,short",True,False,False,True,2.807354922057604,7.0,0.0,safe,No unsafe content found,2026-01-11T19:11:00.195994
accoun.lifechanger.cn,cn,0.20797981,certificates,dangerous_tld,True,False,False,False,3.4992275417233563,21.0,0.0,unknown,Status element not found,2026-01-11T19:11:06.590366
go.click.ly,ly,0.09442577,jpcert,,False,False,False,False,2.913977073182752,11.0,0.0,safe,No unsafe content found,2026-01-11T19:11:18.706370
aouxy.cn,cn,0.022044273,jpcert,dangerous_tld,True,False,False,False,3.0,8.0,0.0,unknown,Status element not found,2026-01-11T19:11:25.817185
gracedivineeducation.ci,ci,0.019082092,phishtank,,False,False,False,False,3.501397825434103,23.0,0.0,safe,No unsafe content found,2026-01-11T19:11:37.921353
brisia.com.gt,gt,0.0081405025,phishtank,,False,False,False,False,3.3927474104487847,13.0,0.0,safe,No unsafe content found,2026-01-11T19:11:44.343250
phoenix288.info,info,0.15215059,phishtank,,False,False,False,False,3.373557262275185,15.0,0.0,safe,No unsafe content found,2026-01-11T19:11:50.810517
as324ind.lat,lat,0.030106986,phishtank,dangerous_tld,True,False,False,False,3.418295834054489,12.0,0.0,safe,No unsafe content found,2026-01-11T19:11:57.896975
uzdrbmn.shop,shop,0.03937427,jpcert,,False,False,False,False,3.584962500721156,12.0,0.0,safe,No unsafe content found,2026-01-11T19:12:05.005832
expressllane-orgxok.vip,vip,0.24560502,phishtank,,False,False,False,False,3.795088586397732,23.0,0.0,safe,No unsafe content found,2026-01-11T19:12:12.101540
dgtl0es-sede.cfd,cfd,0.48740983,jpcert,dangerous_tld,True,False,False,False,3.2806390622295662,16.0,0.0,safe,No unsafe content found,2026-01-11T19:12:18.518776
myidmoicerd08.top,top,0.41721565,jpcert,dangerous_tld,True,False,False,False,3.616874605956223,17.0,0.0,safe,No unsafe content found,2026-01-11T19:12:25.646302
xn--80ab1amccbm0f.xn--p1ai,xn--p1ai,0.014692772,phishtank,,False,False,False,False,3.671405583442497,26.0,0.0,unsafe,Some pages unsafe,2026-01-11T19:12:32.770568
achleshwar.in,in,0.033936772,phishtank,,False,False,False,False,3.3927474104487847,13.0,0.0,safe,No unsafe content found,2026-01-11T19:12:39.180788
scboutttique.shop,shop,0.40564644,jpcert,,False,False,False,False,3.4548223999466066,17.0,0.0,unknown,Status element not found,2026-01-11T19:12:45.619844
chemistrylabequipment.com,com,0.3745171,jpcert,high_entropy,False,False,True,False,4.023465189601645,25.0,0.0,safe,No unsafe content found,2026-01-11T19:12:57.312505
trashtheinch.icu,icu,0.39116243,phishtank,dangerous_tld,True,False,False,False,3.327819531114783,16.0,0.0,safe,No unsafe content found,2026-01-11T19:13:04.403704
eki-co-jp.icu,icu,0.22038445,jpcert,dangerous_tld,True,False,False,False,3.238901256602631,13.0,0.0,safe,No unsafe content found,2026-01-11T19:13:10.799725
jp-pay-pay.top,top,0.31973246,jpcert,dangerous_tld,True,False,False,False,2.8073549220576046,14.0,0.0,unknown,Status element not found,2026-01-11T19:13:17.191769
seahawks.ch,ch,0.033952575,jpcert,,False,False,False,False,2.9139770731827523,11.0,0.0,safe,No unsafe content found,2026-01-11T19:13:29.632193
bank-pko.pl,pl,0.048312936,phishtank,,False,False,False,False,3.095795255000934,11.0,0.0,safe,No unsafe content found,2026-01-11T19:13:36.745884
praevida.com.ar,ar,0.040330846,jpcert,,False,False,False,False,3.323231428797621,15.0,0.0,unsafe,Some pages unsafe,2026-01-11T19:13:43.846854
baoshuntouzi.cn,cn,0.43866435,jpcert,dangerous_tld,True,False,False,False,3.5068905956085183,15.0,0.0,safe,No unsafe content found,2026-01-11T19:13:50.245382
marketagricola.pe,pe,0.046085767,jpcert,,False,False,False,False,3.5724694587701364,17.0,0.0,safe,No unsafe content found,2026-01-11T19:13:56.667942
msha.ke,ke,0.014054791,phishtank,short,False,False,False,True,2.807354922057604,7.0,0.0,unknown,Status element not found,2026-01-11T19:14:03.057641
daukhonamngonb.icu,icu,0.41583994,certificates,dangerous_tld,True,False,False,False,3.5724312513221195,18.0,0.0,safe,No unsafe content found,2026-01-11T19:14:14.453676
rtdmuvlcaitm.xyz,xyz,0.38528615,jpcert,dangerous_tld,True,False,False,False,3.75,16.0,0.0,unknown,Status element not found,2026-01-11T19:14:21.616700
rakutenbzr.com,com,0.36539006,jpcert,brand,False,True,False,False,3.6644977792004623,14.0,1.0,safe,No unsafe content found,2026-01-11T19:14:33.729921
softban.info,info,0.33721328,jpcert,,False,False,False,False,3.084962500721156,12.0,0.0,safe,No unsafe content found,2026-01-11T19:14:40.132878
alert-importltaupy.0hi.me,me,0.42362753,phishtank,,False,False,False,False,3.813660689688185,25.0,0.0,safe,No unsafe content found,2026-01-11T19:14:46.537247
hpcc.org.cn,cn,0.223251,certificates,dangerous_tld,True,False,False,False,2.8453509366224368,11.0,0.0,safe,No unsafe content found,2026-01-11T19:14:52.925968
2aw12d.lat,lat,0.065015845,phishtank,dangerous_tld,True,False,False,False,2.9219280948873623,10.0,0.0,safe,No unsafe content found,2026-01-11T19:15:00.043935
cos.ge,ge,0.05166685,phishtank,short,False,False,False,True,2.584962500721156,6.0,0.0,unsafe,Some pages unsafe,2026-01-11T19:15:07.179507
wwwallegro.cz,cz,0.03423171,phishtank,brand,False,True,False,False,3.180832987205441,13.0,1.0,safe,No unsafe content found,2026-01-11T19:15:13.571860
susolucionchile.cl,cl,0.04141436,phishtank,,False,False,False,False,3.197159723424149,18.0,0.0,safe,No unsafe content found,2026-01-11T19:15:19.990901
datrixonlineservicia.world,world,0.081139475,phishtank,,False,False,False,False,3.7483286603655737,26.0,0.0,safe,No unsafe content found,2026-01-11T19:15:26.425893
eriuioetrt.top,top,0.1584265,jpcert,dangerous_tld,True,False,False,False,2.896291529045928,14.0,0.0,unknown,Status element not found,2026-01-11T19:15:32.852901
8zwh5ip8.top,top,0.4071984,phishtank,dangerous_tld,True,False,False,False,3.2516291673878226,12.0,0.0,unknown,Status element not found,2026-01-11T19:15:44.938450
xraiarisou8.top,top,0.46757188,jpcert,dangerous_tld,True,False,False,False,3.3735572622751846,15.0,0.0,safe,No unsafe content found,2026-01-11T19:15:56.340255
aaxlx.cn,cn,0.20673817,phishtank,dangerous_tld,True,False,False,False,2.5,8.0,0.0,unknown,Status element not found,2026-01-11T19:16:03.446071
skinibid.cc,cc,0.01751073,phishtank,dangerous_tld,True,False,False,False,2.8453509366224368,11.0,0.0,safe,No unsafe content found,2026-01-11T19:16:15.798180
eabener.cn,cn,0.041781094,jpcert,dangerous_tld,True,False,False,False,2.6464393446710157,10.0,0.0,safe,No unsafe content found,2026-01-11T19:16:22.933834
mercarilci.com,com,0.02309157,jpcert,brand,False,True,False,False,3.039148671903071,14.0,1.0,safe,No unsafe content found,2026-01-11T19:16:30.042848
agendarconsulta.link,link,0.0745338,phishtank,dangerous_tld,True,False,False,False,3.746439344671015,20.0,0.0,safe,No unsafe content found,2026-01-11T19:16:36.478360
etc.onl,onl,0.0045243,phishtank,short,False,False,False,True,2.807354922057604,7.0,0.0,safe,No unsafe content found,2026-01-11T19:16:42.905597
kimte.top,top,0.021091972,phishtank,dangerous_tld,True,False,False,False,2.94770277922009,9.0,0.0,unknown,Status element not found,2026-01-11T19:16:49.306685
y6956.cc,cc,0.17201412,jpcert,dangerous_tld,True,False,False,False,2.5,8.0,0.0,safe,No unsafe content found,2026-01-11T19:17:00.764251
sh.rize.nu,nu,0.025521727,jpcert,,False,False,False,False,3.121928094887362,10.0,0.0,safe,No unsafe content found,2026-01-11T19:17:07.654571
fuegoydelicia.mx,mx,0.059730325,phishtank,,False,False,False,False,3.75,16.0,0.0,unknown,Status element not found,2026-01-11T19:17:14.779890
bonhomia.cl,cl,0.0278884,jpcert,,False,False,False,False,3.2776134368191165,11.0,0.0,safe,No unsafe content found,2026-01-11T19:17:26.559698
harisan.co.in,in,0.045774676,jpcert,,False,False,False,False,3.085055102756477,13.0,0.0,safe,No unsafe content found,2026-01-11T19:17:32.969428
mgck.ink,ink,0.021261403,phishtank,,False,False,False,False,2.75,8.0,0.0,safe,No unsafe content found,2026-01-11T19:17:39.380929
7n6o9260.lat,lat,0.07624249,phishtank,dangerous_tld,True,False,False,False,3.418295834054489,12.0,0.0,safe,No unsafe content found,2026-01-11T19:17:46.462464
cgpdzw.top,top,0.2535234,phishtank,dangerous_tld,True,False,False,False,3.121928094887362,10.0,0.0,safe,No unsafe content found,2026-01-11T19:17:53.557099
batalkan.cc,cc,0.028369246,phishtank,dangerous_tld,True,False,False,False,2.8453509366224368,11.0,0.0,safe,No unsafe content found,2026-01-11T19:18:00.641895
transition-routiere.info,info,0.35431737,phishtank,,False,False,False,False,3.3758145836939115,24.0,0.0,unknown,Status element not found,2026-01-11T19:18:07.663001
q14xov67.lat,lat,0.06852743,phishtank,dangerous_tld,True,False,False,False,3.584962500721156,12.0,0.0,safe,No unsafe content found,2026-01-11T19:18:19.786244
promocjeallegro.pl,pl,0.049018785,phishtank,brand,False,True,False,False,3.3082708345352603,18.0,1.0,safe,No unsafe content found,2026-01-11T19:18:26.935545
access-net.co.za,za,0.21947655,phishtank,,False,False,False,False,3.202819531114783,16.0,0.0,unknown,Status element not found,2026-01-11T19:18:34.038255
ufjmufg.icu,icu,0.34792644,jpcert,dangerous_tld,True,False,False,False,2.845350936622437,11.0,0.0,safe,No unsafe content found,2026-01-11T19:18:45.800128
vivido-office.ro,ro,0.050550982,jpcert,,False,False,False,False,3.1556390622295662,16.0,0.0,safe,No unsafe content found,2026-01-11T19:18:52.190707
hikk.shop,shop,0.013913457,certificates,,False,False,False,False,2.725480556997868,9.0,0.0,unknown,Status element not found,2026-01-11T19:18:58.595722
djpaulinhomattos.com.br,br,0.021293372,jpcert,brand,False,True,False,False,3.9690016298759936,23.0,1.0,safe,No unsafe content found,2026-01-11T19:19:09.985325
smbc-cardbv.xyz,xyz,0.42644745,phishtank,dangerous_tld,True,False,False,False,3.640223928941851,15.0,0.0,safe,No unsafe content found,2026-01-11T19:19:17.074010
correosplus.cc,cc,0.44430932,phishtank,dangerous_tld,True,False,False,False,3.039148671903071,14.0,0.0,safe,No unsafe content found,2026-01-11T19:19:23.447168
eposcard.cc,cc,0.038493052,jpcert,"dangerous_tld,brand",True,True,False,False,3.027169118440619,11.0,1.0,safe,No unsafe content found,2026-01-11T19:19:29.866766
smbc-cardnm.icu,icu,0.13551003,phishtank,dangerous_tld,True,False,False,False,3.4565647621309536,15.0,0.0,unknown,Status element not found,2026-01-11T19:19:36.962232
9q2md.xyz,xyz,0.4593894,phishtank,dangerous_tld,True,False,False,False,3.169925001442312,9.0,0.0,safe,No unsafe content found,2026-01-11T19:19:49.071601
satchel.com.ar,ar,0.009196308,phishtank,,False,False,False,False,3.378783493486176,14.0,0.0,unknown,Status element not found,2026-01-11T19:19:56.200090
tolls.txtagifuw.cc,cc,0.1564147,phishtank,dangerous_tld,True,False,False,False,3.572431251322119,18.0,0.0,safe,No unsafe content found,2026-01-11T19:20:08.502042
infinitoradio.com.ar,ar,0.03992343,jpcert,,False,False,False,False,3.2841837197791888,20.0,0.0,safe,No unsafe content found,2026-01-11T19:20:14.897229
hbib.co.za,za,0.02626489,jpcert,,False,False,False,False,2.9219280948873623,10.0,0.0,safe,No unsafe content found,2026-01-11T19:20:21.312375
582097-coinbase.com,com,0.47644106,phishtank,"brand,high_entropy",False,True,True,False,4.03740119765411,19.0,1.0,unknown,Status element not found,2026-01-11T19:20:27.739718
air24ton.world,world,0.022220103,phishtank,,False,False,False,False,3.521640636343319,14.0,0.0,unknown,Status element not found,2026-01-11T19:20:39.874223
maajcb.sbs,sbs,0.44631508,certificates,dangerous_tld,True,False,False,False,2.7219280948873625,10.0,0.0,unknown,Status element not found,2026-01-11T19:20:52.008099
crbnfiwodr.xin,xin,0.12883462,phishtank,,False,False,False,False,3.3787834934861767,14.0,0.0,unknown,Status element not found,2026-01-11T19:21:04.238463
paypal-home.com,com,0.30841392,phishtank,brand,False,True,False,False,3.373557262275185,15.0,1.0,unknown,Status element not found,2026-01-11T19:21:16.626117
webmexicana.top,top,0.32877916,phishtank,dangerous_tld,True,False,False,False,3.640223928941852,15.0,0.0,safe,No unsafe content found,2026-01-11T19:21:28.753641
gestion-relay.info,info,0.249016,phishtank,,False,False,False,False,3.725480556997868,18.0,0.0,unknown,Status element not found,2026-01-11T19:21:35.853977
asrksfog.click,click,0.28712583,phishtank,dangerous_tld,True,False,False,False,3.378783493486176,14.0,0.0,unknown,Status element not found,2026-01-11T19:21:48.215806
defakto.cn,cn,0.33877376,jpcert,dangerous_tld,True,False,False,False,3.321928094887362,10.0,0.0,unknown,Status element not found,2026-01-11T19:22:00.359226
biepo.cn,cn,0.25513533,jpcert,dangerous_tld,True,False,False,False,3.0,8.0,0.0,safe,No unsafe content found,2026-01-11T19:22:12.495976
k5o6som8.lat,lat,0.034704667,phishtank,dangerous_tld,True,False,False,False,3.418295834054489,12.0,0.0,safe,No unsafe content found,2026-01-11T19:22:19.628798
sxmba.com.cn,cn,0.0441709,jpcert,dangerous_tld,True,False,False,False,3.084962500721156,12.0,0.0,safe,No unsafe content found,2026-01-11T19:22:26.713209
arazimai.co.il,il,0.09752761,phishtank,,False,False,False,False,2.985228136034252,14.0,0.0,safe,No unsafe content found,2026-01-11T19:22:33.103659
sea-doo.cloud,cloud,0.16785504,phishtank,,False,False,False,False,3.180832987205441,13.0,0.0,unknown,Status element not found,2026-01-11T19:22:39.531111
westbudapestestate.hu,hu,0.026115173,phishtank,,False,False,False,False,3.2135132560090707,21.0,0.0,safe,No unsafe content found,2026-01-11T19:22:50.941575
water-front.gr,gr,0.04287217,phishtank,,False,False,False,False,3.3248629576173574,14.0,0.0,safe,No unsafe content found,2026-01-11T19:22:58.033672
megasolucoes.pt,pt,0.031197568,jpcert,,False,False,False,False,3.506890595608518,15.0,0.0,safe,No unsafe content found,2026-01-11T19:23:04.425312
suporte-caixageral.com,com,0.38323945,phishtank,brand,False,True,False,False,3.879664004902593,22.0,1.0,unknown,Status element not found,2026-01-11T19:23:10.711876
jp-1aa1c01d5bdabc0aa3cc669932c7285b4ebfc8d27.ph,ph,0.061271016,certificates,high_entropy,False,False,True,False,4.163438256246698,47.0,0.0,safe,No unsafe content found,2026-01-11T19:23:22.289773
millandfeed.company,company,0.11206329,jpcert,,False,False,False,False,3.616348566075164,19.0,0.0,safe,No unsafe content found,2026-01-11T19:23:29.396273
4yagra.lat,lat,0.47522187,phishtank,dangerous_tld,True,False,False,False,2.8464393446710154,10.0,0.0,safe,No unsafe content found,2026-01-11T19:23:36.206809
res-prontos.kyiv.ua,ua,0.07156293,phishtank,,False,False,False,False,3.826874881864637,19.0,0.0,safe,No unsafe content found,2026-01-11T19:23:42.490619
hpakan.cn,cn,0.47268584,jpcert,dangerous_tld,True,False,False,False,2.725480556997868,9.0,0.0,safe,No unsafe content found,2026-01-11T19:23:48.804922
discountdealsmarket.icu,icu,0.46154094,certificates,dangerous_tld,True,False,False,False,3.8279097821439705,23.0,0.0,safe,No unsafe content found,2026-01-11T19:23:55.077148
arvinhe.club,club,0.2025388,jpcert,,False,False,False,False,3.584962500721156,12.0,0.0,safe,No unsafe content found,2026-01-11T19:24:01.492052
miamigojesus.edu.pe,pe,0.06174358,phishtank,,False,False,False,False,3.471354487013929,19.0,0.0,unknown,Status element not found,2026-01-11T19:24:08.580025
rewards-ff-garena-com.top,top,0.092684455,phishtank,dangerous_tld,True,False,False,False,3.8332696895151073,25.0,0.0,unknown,Status element not found,2026-01-11T19:24:20.846458
lenuta.co.id,id,0.05719748,phishtank,,False,False,False,False,3.4182958340544896,12.0,0.0,safe,No unsafe content found,2026-01-11T19:24:33.167091
tandtek.dk,dk,0.04607252,phishtank,,False,False,False,False,2.7219280948873625,10.0,0.0,unknown,Status element not found,2026-01-11T19:24:40.311114
42dosz2.lat,lat,0.03197273,phishtank,dangerous_tld,True,False,False,False,3.2776134368191165,11.0,0.0,safe,No unsafe content found,2026-01-11T19:24:52.422403
sbi-cx.top,top,0.4220003,phishtank,dangerous_tld,True,False,False,False,3.321928094887362,10.0,0.0,unknown,Status element not found,2026-01-11T19:24:58.897186
ceoyz.cn,cn,0.052246246,jpcert,dangerous_tld,True,False,False,False,2.75,8.0,0.0,unknown,Status element not found,2026-01-11T19:25:10.334813
cosmicnest.in,in,0.020723876,phishtank,,False,False,False,False,3.0850551027564768,13.0,0.0,safe,No unsafe content found,2026-01-11T19:25:22.442553
hablw.cn,cn,0.11328053,certificates,dangerous_tld,True,False,False,False,3.0,8.0,0.0,safe,No unsafe content found,2026-01-11T19:25:29.566359
gauperaa.no,no,0.013641293,phishtank,,False,False,False,False,3.027169118440619,11.0,0.0,safe,No unsafe content found,2026-01-11T19:25:35.969147
qepi.com.cn,cn,0.45630464,jpcert,dangerous_tld,True,False,False,False,3.095795255000934,11.0,0.0,safe,No unsafe content found,2026-01-11T19:25:42.361034
bobiem.com.mk,mk,0.115496464,jpcert,,False,False,False,False,2.873140679513133,13.0,0.0,unknown,Status element not found,2026-01-11T19:25:48.775691
dshous.cn,cn,0.1496637,jpcert,dangerous_tld,True,False,False,False,2.94770277922009,9.0,0.0,safe,No unsafe content found,2026-01-11T19:26:00.594166
applei.jp,jp,0.08274052,jpcert,brand,False,True,False,False,2.6416041678685933,9.0,1.0,safe,No unsafe content found,2026-01-11T19:26:07.687698
hokkbkubank.top,top,0.3784279,certificates,dangerous_tld,True,False,False,False,3.106890595608518,15.0,0.0,safe,No unsafe content found,2026-01-11T19:26:14.064039
hupaw.cn,cn,0.15691748,phishtank,dangerous_tld,True,False,False,False,3.0,8.0,0.0,safe,No unsafe content found,2026-01-11T19:26:20.475960
suivi-mondial-relay-fr.info,info,0.33628878,phishtank,,False,False,False,False,3.838039816898156,27.0,0.0,safe,No unsafe content found,2026-01-11T19:26:27.588480
stupina.eu,eu,0.0358867,phishtank,,False,False,False,False,3.121928094887362,10.0,0.0,safe,No unsafe content found,2026-01-11T19:26:34.687836
accoun.aueyo.cn,cn,0.4911616,certificates,dangerous_tld,True,False,False,False,2.9232314287976204,15.0,0.0,safe,No unsafe content found,2026-01-11T19:26:41.765983
rkt.us,us,0.024081508,phishtank,short,False,False,False,True,2.584962500721156,6.0,0.0,safe,No unsafe content found,2026-01-11T19:26:48.863908
vienumerique.ch,ch,0.020972881,jpcert,,False,False,False,False,3.32323142879762,15.0,0.0,safe,No unsafe content found,2026-01-11T19:26:55.958705
hindihelpful.in,in,0.02051257,phishtank,,False,False,False,False,3.189898095464287,15.0,0.0,safe,No unsafe content found,2026-01-11T19:27:03.092238
linkup.top,top,0.017595453,phishtank,dangerous_tld,True,False,False,False,3.121928094887362,10.0,0.0,safe,No unsafe content found,2026-01-11T19:27:10.143024
g-jp.top,top,0.078013405,certificates,dangerous_tld,True,False,False,False,2.75,8.0,0.0,unknown,Status element not found,2026-01-11T19:27:16.444173
gerenciajuridica.com.mx,mx,0.12765893,phishtank,,False,False,False,False,3.675310868912365,23.0,0.0,safe,No unsafe content found,2026-01-11T19:27:28.092297
adopter.shop,shop,0.42644078,certificates,,False,False,False,False,3.2516291673878226,12.0,0.0,safe,No unsafe content found,2026-01-11T19:27:35.179662
jm1860.com.cn,cn,0.08429331,certificates,dangerous_tld,True,False,False,False,3.238901256602631,13.0,0.0,unsafe,Some pages unsafe,2026-01-11T19:27:41.972840
s.teamw.cc,cc,0.07643831,phishtank,dangerous_tld,True,False,False,False,2.9219280948873623,10.0,0.0,safe,No unsafe content found,2026-01-11T19:27:48.404475
kurkoyamato.one,one,0.4168007,jpcert,,False,False,False,False,3.3232314287976203,15.0,0.0,safe,No unsafe content found,2026-01-11T19:27:54.831272
grsto.xyz,xyz,0.3200097,jpcert,dangerous_tld,True,False,False,False,3.169925001442312,9.0,0.0,safe,No unsafe content found,2026-01-11T19:28:01.945612
metamaskt.cc,cc,0.1897389,jpcert,dangerous_tld,True,False,False,False,2.918295834054489,12.0,0.0,safe,No unsafe content found,2026-01-11T19:28:09.051487
consultantsgroup.com.pk,pk,0.04767618,phishtank,,False,False,False,False,3.708132064658602,23.0,0.0,safe,No unsafe content found,2026-01-11T19:28:15.458309
provinciaringreso.online,online,0.19558156,phishtank,dangerous_tld,True,False,False,False,3.438721875540867,24.0,0.0,safe,No unsafe content found,2026-01-11T19:28:21.887179
aniradi.cn,cn,0.4310592,jpcert,dangerous_tld,True,False,False,False,2.721928094887362,10.0,0.0,safe,No unsafe content found,2026-01-11T19:28:28.295476
1coach.ir,ir,0.008284634,jpcert,,False,False,False,False,2.94770277922009,9.0,0.0,safe,No unsafe content found,2026-01-11T19:28:34.704805
rahmani.click,click,0.03200569,phishtank,dangerous_tld,True,False,False,False,3.238901256602631,13.0,0.0,unknown,Status element not found,2026-01-11T19:28:41.791909
brandesignertalented.eu,eu,0.116067685,phishtank,,False,False,False,False,3.4642346527265664,23.0,0.0,safe,No unsafe content found,2026-01-11T19:28:53.890245
visamir.com,com,0.03145981,certificates,brand,False,True,False,False,3.0957952550009344,11.0,1.0,safe,No unsafe content found,2026-01-11T19:29:01.024250
fzghak.cn,cn,0.16311844,phishtank,dangerous_tld,True,False,False,False,3.169925001442312,9.0,0.0,unknown,Status element not found,2026-01-11T19:29:08.142239
pasoapaso.com.ar,ar,0.022228979,jpcert,,False,False,False,False,2.827819531114783,16.0,0.0,unsafe,Some pages unsafe,2026-01-11T19:29:19.534776
e0728.cn,cn,0.019433541,jpcert,dangerous_tld,True,False,False,False,3.0,8.0,0.0,safe,No unsafe content found,2026-01-11T19:29:25.935857
0dveg1.xyz,xyz,0.23815282,phishtank,dangerous_tld,True,False,False,False,3.321928094887362,10.0,0.0,safe,No unsafe content found,2026-01-11T19:29:32.350287
elta-sk.top,top,0.42174545,phishtank,dangerous_tld,True,False,False,False,3.277613436819116,11.0,0.0,safe,No unsafe content found,2026-01-11T19:29:38.773257
camarasciervo.com.mx,mx,0.12158869,phishtank,,False,False,False,False,3.3086949695628416,20.0,0.0,unsafe,Some pages unsafe,2026-01-11T19:29:45.189758
etc-akiaki.cam,cam,0.16987732,certificates,,False,False,False,False,3.039148671903071,14.0,0.0,safe,No unsafe content found,2026-01-11T19:29:52.286791
live-app.cx,cx,0.0149683105,phishtank,,False,False,False,False,3.277613436819116,11.0,0.0,unsafe,Some pages unsafe,2026-01-11T19:29:59.403261
g4w.top,top,0.108498946,certificates,"dangerous_tld,,short",True,False,False,True,2.807354922057604,7.0,0.0,safe,No unsafe content found,2026-01-11T19:30:06.194894
gasforafrica.co.za,za,0.047661405,phishtank,,False,False,False,False,3.169925001442312,18.0,0.0,safe,No unsafe content found,2026-01-11T19:30:12.490166
babyou.cn,cn,0.24763957,jpcert,dangerous_tld,True,False,False,False,2.94770277922009,9.0,0.0,safe,No unsafe content found,2026-01-11T19:30:19.581939
zkxyiji.cn,cn,0.25456417,jpcert,dangerous_tld,True,False,False,False,3.121928094887362,10.0,0.0,safe,No unsafe content found,2026-01-11T19:30:26.736028
uliu.cn,cn,0.06440407,certificates,"dangerous_tld,,short",True,False,False,True,2.5216406363433186,7.0,0.0,safe,No unsafe content found,2026-01-11T19:30:33.878837
heiqi.xyz,xyz,0.016998643,certificates,dangerous_tld,True,False,False,False,2.94770277922009,9.0,0.0,unknown,Status element not found,2026-01-11T19:30:41.002867
allnull.cn,cn,0.06662647,certificates,dangerous_tld,True,False,False,False,2.321928094887362,10.0,0.0,safe,No unsafe content found,2026-01-11T19:30:53.363245
vistaplaya.cl,cl,0.092436254,jpcert,,False,False,False,False,3.180832987205441,13.0,0.0,unknown,Status element not found,2026-01-11T19:30:59.768530
elremot.pl,pl,0.02237233,jpcert,,False,False,False,False,2.9219280948873623,10.0,0.0,unknown,Status element not found,2026-01-11T19:31:11.512356
rtqa.xyz,xyz,0.025702033,jpcert,dangerous_tld,True,False,False,False,3.0,8.0,0.0,safe,No unsafe content found,2026-01-11T19:31:23.134235
yamzaklink.xyz,xyz,0.016895054,jpcert,dangerous_tld,True,False,False,False,3.235926350629033,14.0,0.0,safe,No unsafe content found,2026-01-11T19:31:30.268546
hansatour.com.py,py,0.059855286,phishtank,,False,False,False,False,3.625,16.0,0.0,unknown,Status element not found,2026-01-11T19:31:37.373302
aifulvipprojp.sbs,sbs,0.45164332,jpcert,dangerous_tld,True,False,False,False,3.572469458770136,17.0,0.0,unknown,Status element not found,2026-01-11T19:31:49.001091
ojxrik.cn,cn,0.14218676,phishtank,dangerous_tld,True,False,False,False,3.169925001442312,9.0,0.0,unknown,Status element not found,2026-01-11T19:32:00.790301
benmtyty.top,top,0.28873095,phishtank,dangerous_tld,True,False,False,False,3.0220552088742005,12.0,0.0,unknown,Status element not found,2026-01-11T19:32:12.882452
jibunbank.pro,pro,0.13314284,certificates,,False,False,False,False,3.3927474104487847,13.0,0.0,safe,No unsafe content found,2026-01-11T19:32:25.323489
kucoin.dog,dog,0.24747773,certificates,,False,False,False,False,3.121928094887362,10.0,0.0,unknown,Status element not found,2026-01-11T19:32:32.438944
lgo66.club,club,0.13345267,jpcert,,False,False,False,False,2.9219280948873623,10.0,0.0,safe,No unsafe content found,2026-01-11T19:32:44.537198
playstationgames.in,in,0.039842222,phishtank,,False,False,False,False,3.5766176449086653,19.0,0.0,safe,No unsafe content found,2026-01-11T19:32:50.918605
cenkaskalli.com.tr,tr,0.04480159,jpcert,,False,False,False,False,3.614369445886756,18.0,0.0,unsafe,Some pages unsafe,2026-01-11T19:32:58.020771
gennera.com.ar,ar,0.02849558,phishtank,,False,False,False,False,3.09306920777189,14.0,0.0,safe,No unsafe content found,2026-01-11T19:33:04.432222
smbodc.top,top,0.47541055,certificates,dangerous_tld,True,False,False,False,3.121928094887362,10.0,0.0,safe,No unsafe content found,2026-01-11T19:33:10.854882
ulu.so,so,0.00831743,phishtank,short,False,False,False,True,2.2516291673878226,6.0,0.0,unknown,Status element not found,2026-01-11T19:33:17.243379
uspebxfu.top,top,0.18703535,phishtank,dangerous_tld,True,False,False,False,3.2516291673878226,12.0,0.0,safe,No unsafe content found,2026-01-11T19:33:28.648946
amzdj.top,top,0.3622578,certificates,dangerous_tld,True,False,False,False,3.169925001442312,9.0,0.0,safe,No unsafe content found,2026-01-11T19:33:35.038282
vmoqz.cn,cn,0.22642882,phishtank,dangerous_tld,True,False,False,False,3.0,8.0,0.0,safe,No unsafe content found,2026-01-11T19:33:42.139708
dhl-news.com,com,0.08244164,phishtank,brand,False,True,False,False,3.584962500721156,12.0,1.0,unknown,Status element not found,2026-01-11T19:33:48.560369
haueoseai.icu,icu,0.46230564,jpcert,dangerous_tld,True,False,False,False,3.085055102756477,13.0,0.0,unknown,Status element not found,2026-01-11T19:34:00.328249
update-db-tan.app,app,0.09787068,phishtank,,False,False,False,False,3.175123135113461,17.0,0.0,safe,No unsafe content found,2026-01-11T19:34:12.866376
ina.am,am,0.0318346,phishtank,short,False,False,False,True,2.2516291673878226,6.0,0.0,unknown,Status element not found,2026-01-11T19:34:20.000786
hlxfgj.shop,shop,0.382154,jpcert,,False,False,False,False,3.2776134368191165,11.0,0.0,unknown,Status element not found,2026-01-11T19:34:32.356453
sparkassen-produkte.de,de,0.027276788,phishtank,brand,False,True,False,False,3.572623663895163,22.0,1.0,unknown,Status element not found,2026-01-11T19:34:44.050461
fulltuning.hu,hu,0.019679459,jpcert,,False,False,False,False,3.0269868333592878,13.0,0.0,unknown,Status element not found,2026-01-11T19:34:56.299826
umf.uem.mz,mz,0.027721813,phishtank,,False,False,False,False,2.446439344671015,10.0,0.0,unknown,Status element not found,2026-01-11T19:35:08.571411
to.lk,lk,0.031516876,phishtank,short,False,False,False,True,2.321928094887362,5.0,0.0,safe,No unsafe content found,2026-01-11T19:35:21.084114
amsri.top,top,0.4553993,certificates,dangerous_tld,True,False,False,False,3.169925001442312,9.0,0.0,safe,No unsafe content found,2026-01-11T19:35:27.444830
unitekups.in,in,0.024180658,jpcert,,False,False,False,False,3.084962500721156,12.0,0.0,unknown,Status element not found,2026-01-11T19:35:34.591720
post-mskklinkn.sbs,sbs,0.08263401,phishtank,dangerous_tld,True,False,False,False,3.350209029099897,18.0,0.0,unknown,Status element not found,2026-01-11T19:35:47.023849
ads2.xyz,xyz,0.21350841,jpcert,dangerous_tld,True,False,False,False,3.0,8.0,0.0,unknown,Status element not found,2026-01-11T19:35:59.258132
skypersystems.com.pk,pk,0.26793975,phishtank,,False,False,False,False,3.321928094887362,20.0,0.0,unknown,Status element not found,2026-01-11T19:36:11.534503
hco-bank.top,top,0.073807575,phishtank,dangerous_tld,True,False,False,False,3.418295834054489,12.0,0.0,unknown,Status element not found,2026-01-11T19:36:23.100982
2hsh6e.lat,lat,0.04444354,phishtank,dangerous_tld,True,False,False,False,3.121928094887362,10.0,0.0,unknown,Status element not found,2026-01-11T19:36:35.570022
sarkariupdate.in,in,0.050977442,jpcert,,False,False,False,False,3.452819531114783,16.0,0.0,unknown,Status element not found,2026-01-11T19:36:47.918089
chrisphilpott.nz,nz,0.027842268,phishtank,,False,False,False,False,3.5,16.0,0.0,unknown,Status element not found,2026-01-11T19:37:00.255402
kvuronekocyavmaito.me,me,0.2409775,certificates,,False,False,False,False,3.689703732199547,21.0,0.0,unknown,Status element not found,2026-01-11T19:37:12.725286
monex.sispro.mx,mx,0.078439906,phishtank,,False,False,False,False,3.240223928941852,15.0,0.0,safe,No unsafe content found,2026-01-11T19:37:25.253407
alpha-net.online,online,0.09872825,jpcert,dangerous_tld,True,False,False,False,3.327819531114783,16.0,0.0,safe,No unsafe content found,2026-01-11T19:37:32.385824
z03gn0.sbs,sbs,0.48769882,phishtank,dangerous_tld,True,False,False,False,2.9219280948873623,10.0,0.0,safe,No unsafe content found,2026-01-11T19:37:39.529304
arjscl.cn,cn,0.110072404,jpcert,dangerous_tld,True,False,False,False,2.94770277922009,9.0,0.0,unknown,Status element not found,2026-01-11T19:37:45.935697
shinzou.love,love,0.043786682,jpcert,,False,False,False,False,3.418295834054489,12.0,0.0,unknown,Status element not found,2026-01-11T19:37:57.530383
myaaa.com.cn,cn,0.0083310185,certificates,dangerous_tld,True,False,False,False,2.688721875540867,12.0,0.0,unknown,Status element not found,2026-01-11T19:38:09.870700
bitconce.top,top,0.15483359,phishtank,dangerous_tld,True,False,False,False,3.084962500721156,12.0,0.0,safe,No unsafe content found,2026-01-11T19:38:21.256997
asdkk.icu,icu,0.01284851,certificates,dangerous_tld,True,False,False,False,2.94770277922009,9.0,0.0,safe,No unsafe content found,2026-01-11T19:38:28.378073
godoctor.com.ec,ec,0.06954958,phishtank,,False,False,False,False,2.923231428797621,15.0,0.0,safe,No unsafe content found,2026-01-11T19:38:35.474789
regeo.ch,ch,0.02221508,phishtank,,False,False,False,False,2.75,8.0,0.0,safe,No unsafe content found,2026-01-11T19:38:41.876172
sbi-oc.top,top,0.23990323,phishtank,dangerous_tld,True,False,False,False,3.121928094887362,10.0,0.0,unknown,Status element not found,2026-01-11T19:38:48.284371
verros.info,info,0.027507754,phishtank,,False,False,False,False,3.095795255000934,11.0,0.0,unknown,Status element not found,2026-01-11T19:39:00.418802
areacivil.pt,pt,0.020116707,phishtank,,False,False,False,False,3.2516291673878226,12.0,0.0,safe,No unsafe content found,2026-01-11T19:39:12.547135
attacker.com,com,0.31819075,phishtank,brand,False,True,False,False,3.084962500721156,12.0,1.0,safe,No unsafe content found,2026-01-11T19:39:19.671379
registroheca.com.ar,ar,0.011089827,phishtank,,False,False,False,False,3.471354487013929,19.0,0.0,unsafe,Some pages unsafe,2026-01-11T19:39:26.752441
yourvacancytoday.click,click,0.1709442,phishtank,dangerous_tld,True,False,False,False,3.5726236638951625,22.0,0.0,unknown,Status element not found,2026-01-11T19:39:33.148727
agdefei.cn,cn,0.0458872,jpcert,dangerous_tld,True,False,False,False,3.121928094887362,10.0,0.0,safe,No unsafe content found,2026-01-11T19:39:44.577079
colegiolambert.cl,cl,0.026390996,phishtank,,False,False,False,False,3.4548223999466066,17.0,0.0,safe,No unsafe content found,2026-01-11T19:39:50.986090
freebird.co.in,in,0.059652198,phishtank,,False,False,False,False,3.235926350629033,14.0,0.0,unknown,Status element not found,2026-01-11T19:39:57.406326
steamworkshopvoting.com,com,0.27773792,phishtank,brand,False,True,False,False,3.914866303883101,23.0,1.0,safe,No unsafe content found,2026-01-11T19:40:09.818785
akunronekeoyasmati.me,me,0.25464928,certificates,,False,False,False,False,3.5585186130489057,21.0,0.0,safe,No unsafe content found,2026-01-11T19:40:16.206020
renouvellement-abonnements-netflix.com,com,0.3315203,phishtank,brand,False,True,False,False,3.769485159038742,38.0,1.0,unknown,Status element not found,2026-01-11T19:40:23.315683
kuromekoyantao.top,top,0.45942143,certificates,dangerous_tld,True,False,False,False,3.3921472236645345,18.0,0.0,safe,No unsafe content found,2026-01-11T19:40:34.733814
acconsult.info,info,0.0020441194,phishtank,,False,False,False,False,3.3787834934861767,14.0,0.0,safe,No unsafe content found,2026-01-11T19:40:41.152178
mapsa.com.pe,pe,0.06498488,phishtank,,False,False,False,False,2.9182958340544896,12.0,0.0,safe,No unsafe content found,2026-01-11T19:40:47.565397
0bdypy5o.lat,lat,0.15552318,phishtank,dangerous_tld,True,False,False,False,3.418295834054489,12.0,0.0,safe,No unsafe content found,2026-01-11T19:40:54.676762
kumbhatfinancialserviceslimited.com,com,0.07872446,phishtank,high_entropy,False,False,True,False,4.025591860285232,35.0,0.0,safe,No unsafe content found,2026-01-11T19:41:01.053055
i7yk1x.top,top,0.48857903,phishtank,dangerous_tld,True,False,False,False,3.321928094887362,10.0,0.0,unsafe,Some pages unsafe,2026-01-11T19:41:07.444348
smbc-cardnb.icu,icu,0.15833165,phishtank,dangerous_tld,True,False,False,False,3.4565647621309536,15.0,0.0,unknown,Status element not found,2026-01-11T19:41:13.836108
smpitabyfds.sch.id,id,0.30197674,phishtank,,False,False,False,False,3.5724312513221195,18.0,0.0,safe,No unsafe content found,2026-01-11T19:41:25.497238
vxxre.xyz,xyz,0.13017811,certificates,dangerous_tld,True,False,False,False,2.6416041678685933,9.0,0.0,unknown,Status element not found,2026-01-11T19:41:32.660737
bis-usonic.eu,eu,0.018474674,jpcert,,False,False,False,False,3.238901256602631,13.0,0.0,safe,No unsafe content found,2026-01-11T19:41:45.022811
ojyodcxuisnh.xyz,xyz,0.0610327,jpcert,dangerous_tld,True,False,False,False,3.625,16.0,0.0,unknown,Status element not found,2026-01-11T19:41:51.445487
buboaleimxrt.xyz,xyz,0.037052587,jpcert,dangerous_tld,True,False,False,False,3.75,16.0,0.0,unknown,Status element not found,2026-01-11T19:42:02.865058
szonyegtisztito-karpittisztito.hu,hu,0.030648509,jpcert,,False,False,False,False,3.664824803136319,33.0,0.0,safe,No unsafe content found,2026-01-11T19:42:14.991659
delfintour.sk,sk,0.022754744,phishtank,,False,False,False,False,3.7004397181410926,13.0,0.0,safe,No unsafe content found,2026-01-11T19:42:22.090970
myjcb-link.me,me,0.065406054,jpcert,,False,False,False,False,3.5465935642949384,13.0,0.0,unknown,Status element not found,2026-01-11T19:42:29.186640
aoem.shop,shop,0.18514448,certificates,,False,False,False,False,2.94770277922009,9.0,0.0,safe,No unsafe content found,2026-01-11T19:42:40.606560
motorexpert.cz,cz,0.013235744,phishtank,,False,False,False,False,3.235926350629033,14.0,0.0,safe,No unsafe content found,2026-01-11T19:42:47.008088
logcorreiosimportacoes.co.ua,ua,0.018063456,phishtank,,False,False,False,False,3.5566567074628237,28.0,0.0,safe,No unsafe content found,2026-01-11T19:42:53.399900
lfchuangke.cn,cn,0.42700383,certificates,dangerous_tld,True,False,False,False,3.3927474104487847,13.0,0.0,safe,No unsafe content found,2026-01-11T19:42:59.816693
hassantesting.trionex.pk,pk,0.21515276,phishtank,,False,False,False,False,3.6572682296173897,24.0,0.0,safe,No unsafe content found,2026-01-11T19:43:06.213502
spt.to,to,0.0014404956,jpcert,short,False,False,False,True,2.2516291673878226,6.0,0.0,safe,No unsafe content found,2026-01-11T19:43:13.339138
xcicn.cn,cn,0.4856509,phishtank,dangerous_tld,True,False,False,False,2.1556390622295662,8.0,0.0,unknown,Status element not found,2026-01-11T19:43:20.454074
uuhqyq.cn,cn,0.31724188,jpcert,dangerous_tld,True,False,False,False,2.725480556997868,9.0,0.0,unknown,Status element not found,2026-01-11T19:43:32.547872
dasong.info,info,0.14183958,jpcert,,False,False,False,False,3.095795255000934,11.0,0.0,safe,No unsafe content found,2026-01-11T19:43:44.693103
checkinsurance.org.in,in,0.47602025,phishtank,,False,False,False,False,3.5585186130489057,21.0,0.0,safe,No unsafe content found,2026-01-11T19:43:51.822127
tagomori.biz,biz,0.038589463,jpcert,,False,False,False,False,3.2516291673878226,12.0,0.0,safe,No unsafe content found,2026-01-11T19:43:58.599110
g6ns7e.cn,cn,0.113488466,jpcert,dangerous_tld,True,False,False,False,2.94770277922009,9.0,0.0,unknown,Status element not found,2026-01-11T19:44:04.868162
nodesolveapp.xyz,xyz,0.029005885,phishtank,dangerous_tld,True,False,False,False,3.625,16.0,0.0,safe,No unsafe content found,2026-01-11T19:44:16.272285
8ujshg.lat,lat,0.08144185,phishtank,dangerous_tld,True,False,False,False,3.321928094887362,10.0,0.0,unknown,Status element not found,2026-01-11T19:44:23.386080
timepieces.com.sg,sg,0.052091066,phishtank,,False,False,False,False,3.219528282299548,17.0,0.0,unknown,Status element not found,2026-01-11T19:44:35.375007
thatguy.cn,cn,0.032034412,jpcert,dangerous_tld,True,False,False,False,3.121928094887362,10.0,0.0,safe,No unsafe content found,2026-01-11T19:44:47.503876
trezor.io.in,in,0.014902806,phishtank,,False,False,False,False,2.9182958340544896,12.0,0.0,safe,No unsafe content found,2026-01-11T19:44:54.611701
emtitpd.top,top,0.35774633,jpcert,dangerous_tld,True,False,False,False,2.8453509366224368,11.0,0.0,safe,No unsafe content found,2026-01-11T19:45:01.704936
bqa82q.lat,lat,0.030509261,phishtank,dangerous_tld,True,False,False,False,2.9219280948873623,10.0,0.0,safe,No unsafe content found,2026-01-11T19:45:08.106575
canhcangungona.icu,icu,0.42503685,certificates,dangerous_tld,True,False,False,False,2.974937501201927,18.0,0.0,safe,No unsafe content found,2026-01-11T19:45:14.514184
3-d.com.cn,cn,0.39558938,certificates,dangerous_tld,True,False,False,False,2.921928094887362,10.0,0.0,safe,No unsafe content found,2026-01-11T19:45:20.910716
x05l6ar335rh.lat,lat,0.112848155,phishtank,dangerous_tld,True,False,False,False,3.375,16.0,0.0,safe,No unsafe content found,2026-01-11T19:45:27.362608
electrorecycle.cl,cl,0.24971634,jpcert,,False,False,False,False,2.74894004700543,17.0,0.0,safe,No unsafe content found,2026-01-11T19:45:34.408551
zozo2726.cc,cc,0.20338446,jpcert,dangerous_tld,True,False,False,False,2.7321588913645702,11.0,0.0,safe,No unsafe content found,2026-01-11T19:45:41.178982
kurmoekoyanato.cc,cc,0.21576273,certificates,dangerous_tld,True,False,False,False,3.4548223999466066,17.0,0.0,safe,No unsafe content found,2026-01-11T19:45:48.262597
mufg-motivate.pro,pro,0.39336744,jpcert,,False,False,False,False,3.734521664779752,17.0,0.0,safe,No unsafe content found,2026-01-11T19:45:55.355105
sprl.in,in,0.049697537,phishtank,short,False,False,False,True,2.807354922057604,7.0,0.0,unknown,Status element not found,2026-01-11T19:46:02.269074
wly.li,li,0.0134942895,phishtank,short,False,False,False,True,2.2516291673878226,6.0,0.0,safe,No unsafe content found,2026-01-11T19:46:14.743777
usuariosnetb.icu,icu,0.04691838,phishtank,dangerous_tld,True,False,False,False,3.452819531114783,16.0,0.0,unsafe,Some pages unsafe,2026-01-11T19:46:21.644619
cehsenseos.icu,icu,0.033415183,phishtank,dangerous_tld,True,False,False,False,2.9852281360342525,14.0,0.0,unknown,Status element not found,2026-01-11T19:46:28.746097
piyjha.cn,cn,0.32771352,jpcert,dangerous_tld,True,False,False,False,3.169925001442312,9.0,0.0,safe,No unsafe content found,2026-01-11T19:46:40.551055
newsletters.comu.su,su,0.031505346,phishtank,,False,False,False,False,3.4316235658474303,19.0,0.0,unknown,Status element not found,2026-01-11T19:46:47.639909
cskilowatt.com,com,0.018890943,phishtank,brand,False,True,False,False,3.378783493486176,14.0,1.0,safe,No unsafe content found,2026-01-11T19:46:59.731390
curvesvietnam.com.vn,vn,0.09040031,jpcert,,False,False,False,False,3.5841837197791886,20.0,0.0,safe,No unsafe content found,2026-01-11T19:47:06.112922
updoijw.top,top,0.26202667,jpcert,dangerous_tld,True,False,False,False,3.0957952550009344,11.0,0.0,safe,No unsafe content found,2026-01-11T19:47:12.530467
chk.me,me,0.009520128,phishtank,short,False,False,False,True,2.584962500721156,6.0,0.0,unknown,Status element not found,2026-01-11T19:47:18.942029
amirmzndrni.ir,ir,0.37177396,phishtank,,False,False,False,False,2.8423709931771093,14.0,0.0,unknown,Status element not found,2026-01-11T19:47:31.356197
mtalu.cn,cn,0.051832914,jpcert,dangerous_tld,True,False,False,False,3.0,8.0,0.0,unknown,Status element not found,2026-01-11T19:47:43.828861
aldapcon.ng,ng,0.05454331,phishtank,,False,False,False,False,3.0957952550009344,11.0,0.0,unknown,Status element not found,2026-01-11T19:47:56.066367
exteriorvenecos.shop,shop,0.092209354,phishtank,,False,False,False,False,3.4841837197791885,20.0,0.0,safe,No unsafe content found,2026-01-11T19:48:08.176087
aoshunlong.com.cn,cn,0.014589035,certificates,dangerous_tld,True,False,False,False,3.2927701939369904,17.0,0.0,safe,No unsafe content found,2026-01-11T19:48:15.290965
spmmotors.in,in,0.054342218,phishtank,,False,False,False,False,3.084962500721156,12.0,0.0,safe,No unsafe content found,2026-01-11T19:48:21.715847
cajatrujillo.biz,biz,0.026261268,phishtank,,False,False,False,False,3.5,16.0,0.0,safe,No unsafe content found,2026-01-11T19:48:28.121449
cfbn.com.cn,cn,0.2011677,certificates,dangerous_tld,True,False,False,False,2.663532754804255,11.0,0.0,safe,No unsafe content found,2026-01-11T19:48:34.551933
hohorcu.top,top,0.26389104,phishtank,dangerous_tld,True,False,False,False,2.845350936622437,11.0,0.0,safe,No unsafe content found,2026-01-11T19:48:41.021159
cinov.cn,cn,0.060963847,jpcert,dangerous_tld,True,False,False,False,2.5,8.0,0.0,unknown,Status element not found,2026-01-11T19:48:48.124016
qmxtcyecxupe.xyz,xyz,0.4705213,jpcert,dangerous_tld,True,False,False,False,3.327819531114783,16.0,0.0,unknown,Status element not found,2026-01-11T19:48:59.531227
www.orange-clubprive.fr,fr,0.4699613,phishtank,brand,False,True,False,False,3.936180434129756,23.0,1.0,safe,No unsafe content found,2026-01-11T19:49:11.463872
interieursite.be,be,0.030589765,phishtank,,False,False,False,False,2.952819531114783,16.0,0.0,safe,No unsafe content found,2026-01-11T19:49:17.843035
3cis.com.cn,cn,0.029809333,certificates,dangerous_tld,True,False,False,False,2.8453509366224368,11.0,0.0,safe,No unsafe content found,2026-01-11T19:49:24.949030
silverantik.com.ar,ar,0.074626096,phishtank,,False,False,False,False,3.725480556997868,18.0,0.0,unknown,Status element not found,2026-01-11T19:49:31.355689
videoproductions.info,info,0.029560922,phishtank,,False,False,False,False,3.594465636961452,21.0,0.0,safe,No unsafe content found,2026-01-11T19:49:42.790001
bebimedicalgroup.cn,cn,0.033520076,jpcert,dangerous_tld,True,False,False,False,3.826874881864636,19.0,0.0,safe,No unsafe content found,2026-01-11T19:49:49.176169
1i2eeb24.lat,lat,0.037671663,phishtank,dangerous_tld,True,False,False,False,3.2516291673878226,12.0,0.0,safe,No unsafe content found,2026-01-11T19:49:56.275896
robonelectric.co.za,za,0.050776664,phishtank,,False,False,False,False,3.43162356584743,19.0,0.0,unsafe,Some pages unsafe,2026-01-11T19:50:02.675888
senva.com.cn,cn,0.31650648,certificates,dangerous_tld,True,False,False,False,3.084962500721156,12.0,0.0,safe,No unsafe content found,2026-01-11T19:50:09.099000
guriroom.blog,blog,0.4169158,jpcert,,False,False,False,False,3.0269868333592878,13.0,0.0,safe,No unsafe content found,2026-01-11T19:50:15.495717
postnordtud.top,top,0.119361505,phishtank,dangerous_tld,True,False,False,False,3.006238928653389,15.0,0.0,safe,No unsafe content found,2026-01-11T19:50:21.912407
xn--100-ti4buj8d5166a.com,com,0.122211345,jpcert,high_entropy,False,False,True,False,4.213660689688184,25.0,0.0,safe,No unsafe content found,2026-01-11T19:50:28.997942
pfddo.cn,cn,0.39955342,jpcert,dangerous_tld,True,False,False,False,2.75,8.0,0.0,unknown,Status element not found,2026-01-11T19:50:36.083669
nidwf.cn,cn,0.4132828,jpcert,dangerous_tld,True,False,False,False,2.75,8.0,0.0,safe,No unsafe content found,2026-01-11T19:50:48.165076
torvi.pt,pt,0.035979666,phishtank,,False,False,False,False,2.75,8.0,0.0,safe,No unsafe content found,2026-01-11T19:50:54.600016
zzyaolejk.com,com,0.077756114,certificates,brand,False,True,False,False,3.3927474104487847,13.0,1.0,safe,No unsafe content found,2026-01-11T19:51:00.964355
gereniwi.ne.pw,pw,0.47044012,jpcert,dangerous_tld,True,False,False,False,2.896291529045928,14.0,0.0,safe,No unsafe content found,2026-01-11T19:51:07.387887
jwaveyj.top,top,0.00915882,jpcert,dangerous_tld,True,False,False,False,3.2776134368191165,11.0,0.0,safe,No unsafe content found,2026-01-11T19:51:13.817114
kuronekoyamwmato.top,top,0.0086400425,jpcert,dangerous_tld,True,False,False,False,3.521928094887362,20.0,0.0,safe,No unsafe content found,2026-01-11T19:51:20.212504
galiciared.online,online,0.08699023,phishtank,dangerous_tld,True,False,False,False,3.337175341123077,17.0,0.0,safe,No unsafe content found,2026-01-11T19:51:27.058971
gesfgeuuw.icu,icu,0.067659765,phishtank,dangerous_tld,True,False,False,False,3.0269868333592878,13.0,0.0,unknown,Status element not found,2026-01-11T19:51:33.419351
inktheshirta.cc,cc,0.11637498,certificates,dangerous_tld,True,False,False,False,3.373557262275185,15.0,0.0,safe,No unsafe content found,2026-01-11T19:51:44.784169
buouxi.cn,cn,0.015791215,certificates,dangerous_tld,True,False,False,False,2.94770277922009,9.0,0.0,safe,No unsafe content found,2026-01-11T19:51:51.169991
metamesk-io.me,me,0.39107087,phishtank,,False,False,False,False,3.128085278891395,14.0,0.0,unknown,Status element not found,2026-01-11T19:51:57.521394
giwpashion.xyz,xyz,0.037806377,jpcert,dangerous_tld,True,False,False,False,3.6644977792004623,14.0,0.0,safe,No unsafe content found,2026-01-11T19:52:08.933560
i-merchant.biz,biz,0.113411725,jpcert,,False,False,False,False,3.6644977792004623,14.0,0.0,safe,No unsafe content found,2026-01-11T19:52:15.345547
kmiiuojsk.net.tr,tr,0.03552677,jpcert,,False,False,False,False,3.5,16.0,0.0,safe,No unsafe content found,2026-01-11T19:52:21.752466
e8xcbl.xyz,xyz,0.4066021,phishtank,dangerous_tld,True,False,False,False,3.121928094887362,10.0,0.0,safe,No unsafe content found,2026-01-11T19:52:28.143163
govzfxi.life,life,0.017657435,phishtank,,False,False,False,False,3.2516291673878226,12.0,0.0,safe,No unsafe content found,2026-01-11T19:52:34.550364
ydbktvozvz.top,top,0.35531777,jpcert,dangerous_tld,True,False,False,False,3.235926350629033,14.0,0.0,safe,No unsafe content found,2026-01-11T19:52:41.634874
shinkansenjr-central-co-jp.in,in,0.2807136,jpcert,,False,False,False,False,3.810928306279287,29.0,0.0,unknown,Status element not found,2026-01-11T19:52:48.715964
borjeviel.ae,ae,0.013696833,jpcert,,False,False,False,False,3.188721875540867,12.0,0.0,safe,No unsafe content found,2026-01-11T19:53:00.806178
replug.link,link,0.043867163,phishtank,dangerous_tld,True,False,False,False,3.277613436819116,11.0,0.0,unsafe,Some pages unsafe,2026-01-11T19:53:07.945180
govee.icu,icu,0.108887576,phishtank,dangerous_tld,True,False,False,False,2.94770277922009,9.0,0.0,safe,No unsafe content found,2026-01-11T19:53:15.037579
hypr.ink,ink,0.043677576,jpcert,,False,False,False,False,3.0,8.0,0.0,safe,No unsafe content found,2026-01-11T19:53:21.304372
context.vc,vc,0.17532493,jpcert,,False,False,False,False,2.9219280948873623,10.0,0.0,safe,No unsafe content found,2026-01-11T19:53:27.724647
amazons.top,top,0.051075626,certificates,dangerous_tld,True,False,False,False,3.0957952550009344,11.0,0.0,unknown,Status element not found,2026-01-11T19:53:34.110849
com-tiarxzsi.icu,icu,0.017784147,phishtank,dangerous_tld,True,False,False,False,3.577819531114783,16.0,0.0,safe,No unsafe content found,2026-01-11T19:53:45.885134
wofowon.org.np,np,0.13464233,phishtank,,False,False,False,False,2.8073549220576046,14.0,0.0,safe,No unsafe content found,2026-01-11T19:53:53.005537
derbhnyn.cyou,cyou,0.4891895,phishtank,dangerous_tld,True,False,False,False,3.3927474104487847,13.0,0.0,unknown,Status element not found,2026-01-11T19:54:00.101503
bd7apvpi.lat,lat,0.018367484,phishtank,dangerous_tld,True,False,False,False,3.2516291673878226,12.0,0.0,safe,No unsafe content found,2026-01-11T19:54:11.391241
getapps.vip,vip,0.013371519,phishtank,,False,False,False,False,3.027169118440619,11.0,0.0,safe,No unsafe content found,2026-01-11T19:54:17.791294
mopty.cn,cn,0.055835534,jpcert,dangerous_tld,True,False,False,False,3.0,8.0,0.0,safe,No unsafe content found,2026-01-11T19:54:24.199854
photoniccrystal.cn,cn,0.14989422,jpcert,dangerous_tld,True,False,False,False,3.5724312513221195,18.0,0.0,safe,No unsafe content found,2026-01-11T19:54:31.087923
atelierdeleah.eleven.ma,ma,0.19059247,jpcert,,False,False,False,False,3.168724588286137,23.0,0.0,safe,No unsafe content found,2026-01-11T19:54:37.890681
gabihazut.co.il,il,0.02509202,phishtank,,False,False,False,False,3.5068905956085183,15.0,0.0,unknown,Status element not found,2026-01-11T19:54:45.053398
acenmxcosexmeco.cc,cc,0.22225583,jpcert,dangerous_tld,True,False,False,False,2.927451224964519,18.0,0.0,unknown,Status element not found,2026-01-11T19:54:57.455302
sfvog.cn,cn,0.22969273,phishtank,dangerous_tld,True,False,False,False,3.0,8.0,0.0,safe,No unsafe content found,2026-01-11T19:55:09.869684
owtltigtp.cn,cn,0.14133607,phishtank,dangerous_tld,True,False,False,False,3.188721875540867,12.0,0.0,unknown,Status element not found,2026-01-11T19:55:16.972941
jademorgan.co.nz,nz,0.043310236,phishtank,,False,False,False,False,3.5,16.0,0.0,safe,No unsafe content found,2026-01-11T19:55:29.402351
ilcaffetorinese.eu,eu,0.021572623,jpcert,,False,False,False,False,3.503258334775645,18.0,0.0,unknown,Status element not found,2026-01-11T19:55:36.541654
accoun.aabuh.cn,cn,0.4519879,jpcert,dangerous_tld,True,False,False,False,2.872905595320056,15.0,0.0,safe,No unsafe content found,2026-01-11T19:55:49.050709
sadaohospital.go.th,th,0.038194746,jpcert,,False,False,False,False,3.326360407952694,19.0,0.0,unsafe,Some pages unsafe,2026-01-11T19:55:56.176569
volez.cn,cn,0.22483964,jpcert,dangerous_tld,True,False,False,False,3.0,8.0,0.0,unknown,Status element not found,2026-01-11T19:56:03.293030
kuronekikuchito.icu,icu,0.38669187,certificates,dangerous_tld,True,False,False,False,3.286629486786196,19.0,0.0,safe,No unsafe content found,2026-01-11T19:56:14.721842
120jj.cn,cn,0.42989755,certificates,dangerous_tld,True,False,False,False,2.75,8.0,0.0,unsafe,Some pages unsafe,2026-01-11T19:56:21.126104
evricourier-notified.top,top,0.35177243,phishtank,dangerous_tld,True,False,False,False,3.5739348962840563,24.0,0.0,unknown,Status element not found,2026-01-11T19:56:27.548023
cafsrl.com.ar,ar,0.07577147,jpcert,,False,False,False,False,3.085055102756477,13.0,0.0,safe,No unsafe content found,2026-01-11T19:56:39.695857
tceband.info,info,0.04913738,phishtank,,False,False,False,False,3.418295834054489,12.0,0.0,safe,No unsafe content found,2026-01-11T19:56:46.823493
tanxa.cn,cn,0.28608513,jpcert,dangerous_tld,True,False,False,False,2.5,8.0,0.0,safe,No unsafe content found,2026-01-11T19:56:53.921395
kandcrecycling.co.za,za,0.036121774,jpcert,,False,False,False,False,3.621928094887362,20.0,0.0,safe,No unsafe content found,2026-01-11T19:57:00.326370
TiNy.Cc,Cc,0.088479675,certificates,"dangerous_tld,,short",True,False,False,True,2.807354922057604,7.0,0.0,unknown,Status element not found,2026-01-11T19:57:06.761837
armoniaterapias.cl,cl,0.24578863,phishtank,,False,False,False,False,3.5032583347756456,18.0,0.0,unknown,Status element not found,2026-01-11T19:57:18.166957
inredesign.pl,pl,0.014534541,phishtank,,False,False,False,False,3.238901256602631,13.0,0.0,safe,No unsafe content found,2026-01-11T19:57:30.272889
spoo.me,me,0.0069129393,phishtank,short,False,False,False,True,2.5216406363433186,7.0,0.0,safe,No unsafe content found,2026-01-11T19:57:37.372144
5ikjskj7.lat,lat,0.0902174,phishtank,dangerous_tld,True,False,False,False,3.2516291673878226,12.0,0.0,safe,No unsafe content found,2026-01-11T19:57:44.491639
login-copreverythingish.xyz,xyz,0.44659424,jpcert,"dangerous_tld,high_entropy",True,False,True,False,4.060262039120378,27.0,0.0,safe,No unsafe content found,2026-01-11T19:57:51.598910
storetech.pe,pe,0.052338354,phishtank,,False,False,False,False,3.0220552088742,12.0,0.0,safe,No unsafe content found,2026-01-11T19:57:58.003550
gjilan.al,al,0.04743758,jpcert,,False,False,False,False,2.725480556997868,9.0,0.0,safe,No unsafe content found,2026-01-11T19:58:05.083592
jpmercari.org,org,0.1688831,jpcert,brand,False,True,False,False,3.334679141051595,13.0,1.0,safe,No unsafe content found,2026-01-11T19:58:12.184063
hfsvfn.icu,icu,0.05444768,phishtank,dangerous_tld,True,False,False,False,3.121928094887362,10.0,0.0,safe,No unsafe content found,2026-01-11T19:58:19.365945
lopezingenieria.com.ar,ar,0.08680571,phishtank,,False,False,False,False,3.572623663895164,22.0,0.0,safe,No unsafe content found,2026-01-11T19:58:25.722910
fpt.one,one,0.004001491,phishtank,short,False,False,False,True,2.807354922057604,7.0,0.0,unsafe,Some pages unsafe,2026-01-11T19:58:32.138600
chrome-up.club,club,0.43032786,certificates,,False,False,False,False,3.521640636343319,14.0,0.0,safe,No unsafe content found,2026-01-11T19:58:38.577508
iplogger.cn,cn,0.016496606,phishtank,dangerous_tld,True,False,False,False,3.277613436819116,11.0,0.0,safe,No unsafe content found,2026-01-11T19:58:44.991918
adwz.cn,cn,0.03612824,phishtank,"dangerous_tld,,short",True,False,False,True,2.807354922057604,7.0,0.0,safe,No unsafe content found,2026-01-11T19:58:51.387394
hcimportadora.cl,cl,0.0372615,phishtank,,False,False,False,False,3.5,16.0,0.0,safe,No unsafe content found,2026-01-11T19:58:58.489123
sumup.root.sx,sx,0.053480286,phishtank,,False,False,False,False,3.085055102756477,13.0,0.0,unknown,Status element not found,2026-01-11T19:59:05.600507
kuronokoyamato.top,top,0.44248194,jpcert,dangerous_tld,True,False,False,False,3.1916116417513782,18.0,0.0,safe,No unsafe content found,2026-01-11T19:59:17.699810
wf12349.com.cn,cn,0.12483746,jpcert,dangerous_tld,True,False,False,False,3.521640636343319,14.0,0.0,unsafe,Some pages unsafe,2026-01-11T19:59:24.821268
blueskytaxgroup.com,com,0.42357704,certificates,high_entropy,False,False,True,False,4.03740119765411,19.0,0.0,safe,No unsafe content found,2026-01-11T19:59:31.927949
seasidesurfshop.shop,shop,0.23775956,jpcert,,False,False,False,False,3.3414460711655214,20.0,0.0,safe,No unsafe content found,2026-01-11T19:59:38.336450
ink-a.co.il,il,0.13943097,jpcert,,False,False,False,False,3.0957952550009344,11.0,0.0,safe,No unsafe content found,2026-01-11T19:59:44.747441
jp-amazonid5654720.com,com,0.039412722,jpcert,high_entropy,False,False,True,False,4.095795255000932,22.0,0.0,safe,No unsafe content found,2026-01-11T19:59:51.148273
aifulbizd.sbs,sbs,0.4778592,jpcert,dangerous_tld,True,False,False,False,3.238901256602631,13.0,0.0,safe,No unsafe content found,2026-01-11T19:59:57.600491
d14yivgrx6.icu,icu,0.23736905,phishtank,dangerous_tld,True,False,False,False,3.6644977792004623,14.0,0.0,unknown,Status element not found,2026-01-11T20:00:04.622503
geof.cn,cn,0.48430756,jpcert,"dangerous_tld,,short",True,False,False,True,2.807354922057604,7.0,0.0,safe,No unsafe content found,2026-01-11T20:00:16.008122
blackcolt.cn,cn,0.031750716,certificates,dangerous_tld,True,False,False,False,3.0220552088742,12.0,0.0,safe,No unsafe content found,2026-01-11T20:00:22.390173
imsj.cn,cn,0.045693457,jpcert,"dangerous_tld,,short",True,False,False,True,2.807354922057604,7.0,0.0,safe,No unsafe content found,2026-01-11T20:00:30.117264
corre-os.top,top,0.4107941,certificates,dangerous_tld,True,False,False,False,3.0220552088742,12.0,0.0,safe,No unsafe content found,2026-01-11T20:00:36.764226
rqhl.cn,cn,0.24752627,phishtank,"dangerous_tld,,short",True,False,False,True,2.807354922057604,7.0,0.0,unknown,Status element not found,2026-01-11T20:00:43.457248
106304-coinbase.com,com,0.49543944,phishtank,brand,False,True,False,False,3.932138039759373,19.0,1.0,unknown,Status element not found,2026-01-11T20:00:55.226024
3tdvt.lat,lat,0.1372588,phishtank,dangerous_tld,True,False,False,False,2.6416041678685933,9.0,0.0,safe,No unsafe content found,2026-01-11T20:01:07.479398
fincen-us.info,info,0.35696265,phishtank,,False,False,False,False,3.182005814760214,14.0,0.0,safe,No unsafe content found,2026-01-11T20:01:14.600230
othertea.cn,cn,0.37765983,certificates,dangerous_tld,True,False,False,False,3.0957952550009344,11.0,0.0,safe,No unsafe content found,2026-01-11T20:01:21.733039
radhix-mycqsarcb.top,top,0.43148085,jpcert,"dangerous_tld,high_entropy",True,False,True,False,4.021928094887362,20.0,0.0,safe,No unsafe content found,2026-01-11T20:01:28.381283
ms-sharepoint-files-download.xyz,xyz,0.041009687,phishtank,"dangerous_tld,high_entropy",True,False,True,False,4.179229296672174,32.0,0.0,unknown,Status element not found,2026-01-11T20:01:35.030866
sh-ort.app,app,0.23660584,jpcert,,False,False,False,False,3.1219280948873624,10.0,0.0,safe,No unsafe content found,2026-01-11T20:01:46.907400
archi.builders,builders,0.009317576,jpcert,,False,False,False,False,3.521640636343319,14.0,0.0,safe,No unsafe content found,2026-01-11T20:01:54.012662
mtxympc.cn,cn,0.45863318,phishtank,dangerous_tld,True,False,False,False,2.9219280948873623,10.0,0.0,safe,No unsafe content found,2026-01-11T20:02:01.108676
cvioz.cn,cn,0.05698232,phishtank,dangerous_tld,True,False,False,False,2.75,8.0,0.0,unknown,Status element not found,2026-01-11T20:02:08.214145
tracking.postlogistics.ch,ch,0.012024151,phishtank,,False,False,False,False,3.6430741894285696,25.0,0.0,safe,No unsafe content found,2026-01-11T20:02:20.299136
dyyhj03.xyz,xyz,0.38517103,jpcert,dangerous_tld,True,False,False,False,3.027169118440619,11.0,0.0,safe,No unsafe content found,2026-01-11T20:02:26.721082
bqbq.de,de,0.024672337,phishtank,short,False,False,False,True,2.235926350629033,7.0,0.0,unsafe,Some pages unsafe,2026-01-11T20:02:33.840161
postbern.cc,cc,0.034437396,phishtank,dangerous_tld,True,False,False,False,3.277613436819116,11.0,0.0,safe,No unsafe content found,2026-01-11T20:02:40.481654
mrw.so,so,0.016104069,certificates,short,False,False,False,True,2.584962500721156,6.0,0.0,unsafe,Some pages unsafe,2026-01-11T20:02:47.140887
ume.la,la,0.0107728625,phishtank,short,False,False,False,True,2.584962500721156,6.0,0.0,unsafe,Some pages unsafe,2026-01-11T20:02:53.781060
shresthasameerman.com.np,np,0.053221874,phishtank,,False,False,False,False,3.459147917027245,24.0,0.0,unknown,Status element not found,2026-01-11T20:03:00.443343
amzawszone.online,online,0.06376591,jpcert,dangerous_tld,True,False,False,False,3.337175341123077,17.0,0.0,unknown,Status element not found,2026-01-11T20:03:12.856005
villaandreas.gr,gr,0.038897917,phishtank,,False,False,False,False,3.3232314287976203,15.0,0.0,safe,No unsafe content found,2026-01-11T20:03:25.337138
loli.tuidao.me,me,0.021628028,jpcert,,False,False,False,False,3.235926350629033,14.0,0.0,safe,No unsafe content found,2026-01-11T20:03:32.437086
dnbgyiengh.top,top,0.13099638,phishtank,dangerous_tld,True,False,False,False,3.521640636343319,14.0,0.0,unknown,Status element not found,2026-01-11T20:03:39.540620
depadovawest.com.ng,ng,0.37429017,jpcert,,False,False,False,False,3.7216117239699,19.0,0.0,safe,No unsafe content found,2026-01-11T20:03:51.179976
www.financeiro.vc,vc,0.48022154,phishtank,,False,False,False,False,3.3371753411230776,17.0,0.0,safe,No unsafe content found,2026-01-11T20:03:58.325650
nimble.li,li,0.006956934,phishtank,,False,False,False,False,2.725480556997868,9.0,0.0,safe,No unsafe content found,2026-01-11T20:04:05.467084
251az4.lat,lat,0.04240313,phishtank,dangerous_tld,True,False,False,False,3.121928094887362,10.0,0.0,safe,No unsafe content found,2026-01-11T20:04:12.114100
telepeage-impaye.info,info,0.4553267,phishtank,,False,False,False,False,3.553763114472245,21.0,0.0,safe,No unsafe content found,2026-01-11T20:04:18.754341
834983.club,club,0.3606528,jpcert,,False,False,False,False,3.0957952550009344,11.0,0.0,safe,No unsafe content found,2026-01-11T20:04:25.866546
vpasso.top,top,0.25934905,certificates,dangerous_tld,True,False,False,False,2.721928094887362,10.0,0.0,unknown,Status element not found,2026-01-11T20:04:32.489522
5eyvdyee.lat,lat,0.029982029,phishtank,dangerous_tld,True,False,False,False,3.0220552088742,12.0,0.0,unknown,Status element not found,2026-01-11T20:04:44.788151
logguscorretora.online,online,0.0756343,phishtank,dangerous_tld,True,False,False,False,3.51602764126623,22.0,0.0,unknown,Status element not found,2026-01-11T20:04:57.282630
veasf.cn,cn,0.20835146,phishtank,dangerous_tld,True,False,False,False,3.0,8.0,0.0,unknown,Status element not found,2026-01-11T20:05:09.538275
alruba.ae,ae,0.02324482,jpcert,,False,False,False,False,2.6416041678685933,9.0,0.0,unknown,Status element not found,2026-01-11T20:05:21.791555
lampein.cn,cn,0.022517689,jpcert,dangerous_tld,True,False,False,False,3.1219280948873624,10.0,0.0,unknown,Status element not found,2026-01-11T20:05:34.061018
wikireal.in,in,0.0068658455,phishtank,,False,False,False,False,3.027169118440619,11.0,0.0,unknown,Status element not found,2026-01-11T20:05:46.541584
estafetaqo.top,top,0.008174109,phishtank,dangerous_tld,True,False,False,False,3.039148671903071,14.0,0.0,unknown,Status element not found,2026-01-11T20:05:58.865565
jp-rakuten.net,net,0.06052117,jpcert,brand,False,True,False,False,3.378783493486176,14.0,1.0,unknown,Status element not found,2026-01-11T20:06:11.203185
maper.info,info,0.009871435,phishtank,,False,False,False,False,3.321928094887362,10.0,0.0,unknown,Status element not found,2026-01-11T20:06:23.438543
exteriornexoaca.shop,shop,0.10931873,phishtank,,False,False,False,False,3.546439344671015,20.0,0.0,unknown,Status element not found,2026-01-11T20:06:35.699717
aeon.wanbiquan.cn,cn,0.4843476,jpcert,dangerous_tld,True,False,False,False,3.219528282299548,17.0,0.0,unknown,Status element not found,2026-01-11T20:06:48.090178
ouvih.cn,cn,0.21027407,jpcert,dangerous_tld,True,False,False,False,3.0,8.0,0.0,unknown,Status element not found,2026-01-11T20:06:59.469625
soilsta.co.za,za,0.16646221,jpcert,,False,False,False,False,3.085055102756477,13.0,0.0,unknown,Status element not found,2026-01-11T20:07:11.695739
expy.top,top,0.07660952,jpcert,dangerous_tld,True,False,False,False,2.75,8.0,0.0,safe,No unsafe content found,2026-01-11T20:07:24.084895
u3l.co,co,0.016602853,phishtank,short,False,False,False,True,2.584962500721156,6.0,0.0,safe,No unsafe content found,2026-01-11T20:07:31.206091
palby.info,info,0.128981,certificates,,False,False,False,False,3.321928094887362,10.0,0.0,safe,No unsafe content found,2026-01-11T20:07:37.849204
amanon.ml,ml,0.3567895,certificates,dangerous_tld,True,False,False,False,2.5032583347756456,9.0,0.0,safe,No unsafe content found,2026-01-11T20:07:44.950540
e9u.cc,cc,0.09039326,certificates,"dangerous_tld,,short",True,False,False,True,2.2516291673878226,6.0,0.0,safe,No unsafe content found,2026-01-11T20:07:52.076976
2kje0t.top,top,0.48961848,phishtank,dangerous_tld,True,False,False,False,3.121928094887362,10.0,0.0,unknown,Status element not found,2026-01-11T20:07:59.142318
short.bid,bid,0.034357484,phishtank,,False,False,False,False,3.169925001442312,9.0,0.0,safe,No unsafe content found,2026-01-11T20:08:10.444215
zzhaoqn.cn,cn,0.034892477,jpcert,dangerous_tld,True,False,False,False,2.9219280948873623,10.0,0.0,safe,No unsafe content found,2026-01-11T20:08:16.840401
7vah.top,top,0.15042616,phishtank,dangerous_tld,True,False,False,False,3.0,8.0,0.0,unknown,Status element not found,2026-01-11T20:08:23.250363
issiuk.com.cn,cn,0.05639025,jpcert,dangerous_tld,True,False,False,False,3.0850551027564768,13.0,0.0,unknown,Status element not found,2026-01-11T20:08:35.513069
1tftdctr2.lat,lat,0.2354559,phishtank,dangerous_tld,True,False,False,False,3.085055102756477,13.0,0.0,safe,No unsafe content found,2026-01-11T20:08:47.926237
kuranckoyemato.cfd,cfd,0.33522835,jpcert,dangerous_tld,True,False,False,False,3.725480556997868,18.0,0.0,safe,No unsafe content found,2026-01-11T20:08:55.030326
happypet.mx,mx,0.039201822,jpcert,,False,False,False,False,3.027169118440619,11.0,0.0,safe,No unsafe content found,2026-01-11T20:09:02.125507
myjcb.vip,vip,0.41415513,jpcert,,False,False,False,False,3.169925001442312,9.0,0.0,unknown,Status element not found,2026-01-11T20:09:08.473826
estudiojuri.online,online,0.096002676,jpcert,dangerous_tld,True,False,False,False,3.4613201402110083,18.0,0.0,safe,No unsafe content found,2026-01-11T20:09:19.775784
famoty.cn,cn,0.34323224,jpcert,dangerous_tld,True,False,False,False,3.169925001442312,9.0,0.0,unknown,Status element not found,2026-01-11T20:09:26.195061
amsbi.top,top,0.4553993,certificates,dangerous_tld,True,False,False,False,3.169925001442312,9.0,0.0,safe,No unsafe content found,2026-01-11T20:09:37.638020
oioaqf.cc,cc,0.19719307,jpcert,dangerous_tld,True,False,False,False,2.725480556997868,9.0,0.0,safe,No unsafe content found,2026-01-11T20:09:44.746850
portalsyncs.site,site,0.15975392,phishtank,dangerous_tld,True,False,False,False,3.577819531114783,16.0,0.0,unknown,Status element not found,2026-01-11T20:09:51.845927
rxqod6.sbs,sbs,0.33853573,phishtank,dangerous_tld,True,False,False,False,3.1219280948873624,10.0,0.0,safe,No unsafe content found,2026-01-11T20:10:03.260233
rgui48fio.lat,lat,0.29138973,phishtank,dangerous_tld,True,False,False,False,3.5465935642949384,13.0,0.0,safe,No unsafe content found,2026-01-11T20:10:09.659511
pnqmdib.top,top,0.26643682,jpcert,dangerous_tld,True,False,False,False,3.2776134368191165,11.0,0.0,safe,No unsafe content found,2026-01-11T20:10:16.066812
kr.pe,pe,0.11822971,phishtank,short,False,False,False,True,2.321928094887362,5.0,0.0,unknown,Status element not found,2026-01-11T20:10:23.173669
einvy.cn,cn,0.34932342,jpcert,dangerous_tld,True,False,False,False,2.75,8.0,0.0,unknown,Status element not found,2026-01-11T20:10:35.284310
sonatahouse.school,school,0.018527983,phishtank,,False,False,False,False,3.239097917988786,18.0,0.0,safe,No unsafe content found,2026-01-11T20:10:47.465067
gamesens.ir,ir,0.09166193,phishtank,,False,False,False,False,3.095795255000934,11.0,0.0,safe,No unsafe content found,2026-01-11T20:10:54.592190
hdhjf2sm.lat,lat,0.48041654,phishtank,dangerous_tld,True,False,False,False,3.418295834054489,12.0,0.0,safe,No unsafe content found,2026-01-11T20:11:01.720870
xn--90aemgtfodc1a8f.xn--80adxhks,xn--80adxhks,0.03108591,jpcert,high_entropy,False,False,True,False,4.140319531114783,32.0,0.0,safe,No unsafe content found,2026-01-11T20:11:08.139342
aexoskpskhhh.top,top,0.44339538,jpcert,dangerous_tld,True,False,False,False,3.202819531114783,16.0,0.0,safe,No unsafe content found,2026-01-11T20:11:14.564676
vcsr.cn,cn,0.06933492,jpcert,"dangerous_tld,,short",True,False,False,True,2.5216406363433186,7.0,0.0,safe,No unsafe content found,2026-01-11T20:11:20.974006
qm0fc7pv.lat,lat,0.263983,phishtank,dangerous_tld,True,False,False,False,3.584962500721156,12.0,0.0,safe,No unsafe content found,2026-01-11T20:11:27.403315
p2j.top,top,0.45411757,certificates,"dangerous_tld,,short",True,False,False,True,2.5216406363433186,7.0,0.0,safe,No unsafe content found,2026-01-11T20:11:34.514686
fnopz.cn,cn,0.20097296,jpcert,dangerous_tld,True,False,False,False,2.75,8.0,0.0,unknown,Status element not found,2026-01-11T20:11:41.571224
tepcocheckout.me,me,0.20188124,certificates,,False,False,False,False,3.1556390622295662,16.0,0.0,safe,No unsafe content found,2026-01-11T20:11:53.349452
sodexo-push.amapps.cz,cz,0.24566348,phishtank,,False,False,False,False,3.653756708287001,21.0,0.0,safe,No unsafe content found,2026-01-11T20:12:00.504327
q8u.top,top,0.43884656,certificates,"dangerous_tld,,short",True,False,False,True,2.807354922057604,7.0,0.0,safe,No unsafe content found,2026-01-11T20:12:07.614542
chepost.org.cn,cn,0.014979436,phishtank,dangerous_tld,True,False,False,False,3.378783493486176,14.0,0.0,safe,No unsafe content found,2026-01-11T20:12:14.030800
cueseuoet.xyz,xyz,0.059424866,phishtank,dangerous_tld,True,False,False,False,3.180832987205441,13.0,0.0,unknown,Status element not found,2026-01-11T20:12:20.460957
synergyminerals.in,in,0.036619823,phishtank,,False,False,False,False,3.350209029099897,18.0,0.0,safe,No unsafe content found,2026-01-11T20:12:31.864248
asdasdasdasd.life,life,0.34418878,phishtank,,False,False,False,False,2.6756981353679867,17.0,0.0,safe,No unsafe content found,2026-01-11T20:12:38.933524
metacenter.com.mx,mx,0.13009857,jpcert,,False,False,False,False,3.175123135113461,17.0,0.0,safe,No unsafe content found,2026-01-11T20:12:45.334733
mercar.cyou,cyou,0.26550472,jpcert,dangerous_tld,True,False,False,False,3.095795255000934,11.0,0.0,safe,No unsafe content found,2026-01-11T20:12:51.743557
httiotm.top,top,0.35389033,certificates,dangerous_tld,True,False,False,False,2.5503407095463886,11.0,0.0,safe,No unsafe content found,2026-01-11T20:12:58.154939
jp-pay.me,me,0.0561843,jpcert,,False,False,False,False,2.94770277922009,9.0,0.0,safe,No unsafe content found,2026-01-11T20:13:05.227149
lifecard.icu,icu,0.357984,jpcert,dangerous_tld,True,False,False,False,3.2516291673878226,12.0,0.0,safe,No unsafe content found,2026-01-11T20:13:12.016644
qa1ej7.lat,lat,0.019903077,phishtank,dangerous_tld,True,False,False,False,3.121928094887362,10.0,0.0,safe,No unsafe content found,2026-01-11T20:13:19.114767
rinall.top,top,0.45385435,jpcert,dangerous_tld,True,False,False,False,3.121928094887362,10.0,0.0,safe,No unsafe content found,2026-01-11T20:13:26.196027
sonapta.sn,sn,0.068877876,jpcert,,False,False,False,False,2.721928094887362,10.0,0.0,safe,No unsafe content found,2026-01-11T20:13:33.279170
toprocese.life,life,0.33197677,jpcert,,False,False,False,False,3.3248629576173574,14.0,0.0,safe,No unsafe content found,2026-01-11T20:13:40.372669
radar-circulation.info,info,0.38255548,phishtank,,False,False,False,False,3.5383105956150054,22.0,0.0,safe,No unsafe content found,2026-01-11T20:13:47.490731
lekoginhr.top,top,0.029434642,phishtank,dangerous_tld,True,False,False,False,3.5465935642949384,13.0,0.0,unknown,Status element not found,2026-01-11T20:13:54.596160
iprorab.pro,pro,0.009646408,phishtank,,False,False,False,False,2.663532754804255,11.0,0.0,safe,No unsafe content found,2026-01-11T20:14:06.020316
planmil.cl,cl,0.38462082,phishtank,,False,False,False,False,2.8464393446710154,10.0,0.0,safe,No unsafe content found,2026-01-11T20:14:13.132488
carenet.lk,lk,0.046178404,jpcert,,False,False,False,False,3.121928094887362,10.0,0.0,safe,No unsafe content found,2026-01-11T20:14:20.264650
zhoujcbli.shop,shop,0.25179362,phishtank,,False,False,False,False,3.521640636343319,14.0,0.0,safe,No unsafe content found,2026-01-11T20:14:26.671484
dmgver.top,top,0.10273495,phishtank,dangerous_tld,True,False,False,False,3.321928094887362,10.0,0.0,unknown,Status element not found,2026-01-11T20:14:33.101765
smbc-cardbv.icu,icu,0.13171908,phishtank,dangerous_tld,True,False,False,False,3.4565647621309536,15.0,0.0,unknown,Status element not found,2026-01-11T20:14:44.513252
wk.pl,pl,0.0007587012,phishtank,short,False,False,False,True,2.321928094887362,5.0,0.0,safe,No unsafe content found,2026-01-11T20:14:56.619583
zozo-shop.cc,cc,0.35299668,jpcert,dangerous_tld,True,False,False,False,2.8553885422075336,12.0,0.0,safe,No unsafe content found,2026-01-11T20:15:03.718633
tudosobretodos.se,se,0.0068144794,phishtank,,False,False,False,False,2.984234164652489,17.0,0.0,safe,No unsafe content found,2026-01-11T20:15:10.126252
bin.st,st,0.07283635,jpcert,short,False,False,False,True,2.584962500721156,6.0,0.0,safe,No unsafe content found,2026-01-11T20:15:17.224868
karresults-nic-in.in,in,0.009294408,phishtank,,False,False,False,False,3.546439344671016,20.0,0.0,safe,No unsafe content found,2026-01-11T20:15:24.334932
harcofed.org.in,in,0.08981276,phishtank,,False,False,False,False,3.5068905956085183,15.0,0.0,unsafe,Some pages unsafe,2026-01-11T20:15:31.496164
server-jp.icu,icu,0.010608278,phishtank,dangerous_tld,True,False,False,False,3.3927474104487847,13.0,0.0,unknown,Status element not found,2026-01-11T20:15:38.606930
panther.wiki,wiki,0.03957654,jpcert,,False,False,False,False,3.4182958340544896,12.0,0.0,safe,No unsafe content found,2026-01-11T20:15:50.749587
l.ead.me,me,0.0010411316,phishtank,,False,False,False,False,2.5,8.0,0.0,safe,No unsafe content found,2026-01-11T20:15:57.959954
TINy.Cc,Cc,0.088479675,certificates,"dangerous_tld,,short",True,False,False,True,2.807354922057604,7.0,0.0,unknown,Status element not found,2026-01-11T20:16:05.079275
ralkuten.xyz,xyz,0.21182616,jpcert,dangerous_tld,True,False,False,False,3.584962500721156,12.0,0.0,safe,No unsafe content found,2026-01-11T20:16:16.503560
dmaerket.click,click,0.035652917,phishtank,dangerous_tld,True,False,False,False,3.378783493486176,14.0,0.0,safe,No unsafe content found,2026-01-11T20:16:22.897321
0udoep.lat,lat,0.026661167,phishtank,dangerous_tld,True,False,False,False,3.321928094887362,10.0,0.0,safe,No unsafe content found,2026-01-11T20:16:29.310080
wistariatree.cn,cn,0.046816897,jpcert,dangerous_tld,True,False,False,False,3.240223928941852,15.0,0.0,unknown,Status element not found,2026-01-11T20:16:36.424097
jsft.dk,dk,0.18306921,phishtank,short,False,False,False,True,2.807354922057604,7.0,0.0,unsafe,Some pages unsafe,2026-01-11T20:16:48.847178
terrarioskarungen.cl,cl,0.068411894,jpcert,,False,False,False,False,3.621928094887362,20.0,0.0,safe,No unsafe content found,2026-01-11T20:16:55.970029
internetku.id,id,0.08524036,jpcert,,False,False,False,False,3.0850551027564768,13.0,0.0,safe,No unsafe content found,2026-01-11T20:17:03.074223
hisashi.me,me,0.022804752,jpcert,,False,False,False,False,2.721928094887362,10.0,0.0,safe,No unsafe content found,2026-01-11T20:17:09.503326
aono.shop,shop,0.007368005,certificates,,False,False,False,False,2.6416041678685933,9.0,0.0,safe,No unsafe content found,2026-01-11T20:17:15.941246
2q4npu.sbs,sbs,0.19273677,phishtank,dangerous_tld,True,False,False,False,3.1219280948873624,10.0,0.0,safe,No unsafe content found,2026-01-11T20:17:23.051289
ovrar.cn,cn,0.056452584,phishtank,dangerous_tld,True,False,False,False,2.75,8.0,0.0,safe,No unsafe content found,2026-01-11T20:17:30.162318
municipiofreire.cl,cl,0.018432153,jpcert,,False,False,False,False,3.3921472236645345,18.0,0.0,safe,No unsafe content found,2026-01-11T20:17:37.294348
sec82.com.pl,pl,0.2353132,phishtank,,False,False,False,False,3.2516291673878226,12.0,0.0,safe,No unsafe content found,2026-01-11T20:17:44.388087
item.zone,zone,0.01824695,jpcert,,False,False,False,False,2.94770277922009,9.0,0.0,safe,No unsafe content found,2026-01-11T20:17:51.483185
tjdgxy.com.cn,cn,0.1966244,jpcert,dangerous_tld,True,False,False,False,3.392747410448785,13.0,0.0,safe,No unsafe content found,2026-01-11T20:17:58.558819
audacia.cn,cn,0.3355379,certificates,dangerous_tld,True,False,False,False,2.6464393446710157,10.0,0.0,safe,No unsafe content found,2026-01-11T20:18:04.946584
nintendo.pe,pe,0.08919459,jpcert,,False,False,False,False,2.8453509366224368,11.0,0.0,safe,No unsafe content found,2026-01-11T20:18:12.090406
0755yz.com.cn,cn,0.09478231,jpcert,dangerous_tld,True,False,False,False,3.238901256602631,13.0,0.0,unknown,Status element not found,2026-01-11T20:18:18.512326
oqjbjas.xyz,xyz,0.12543605,phishtank,dangerous_tld,True,False,False,False,3.277613436819116,11.0,0.0,unknown,Status element not found,2026-01-11T20:18:30.624727
techwizz.in,in,0.06623785,certificates,,False,False,False,False,3.095795255000934,11.0,0.0,unknown,Status element not found,2026-01-11T20:18:42.777907
epoioss.sbs,sbs,0.33237824,jpcert,dangerous_tld,True,False,False,False,2.550340709546388,11.0,0.0,unknown,Status element not found,2026-01-11T20:18:55.249831
update-amazaon-co-jp.icu,icu,0.37385106,jpcert,dangerous_tld,True,False,False,False,3.720175521464345,24.0,0.0,unknown,Status element not found,2026-01-11T20:19:06.632980
goo.io,io,0.030149437,jpcert,short,False,False,False,True,1.7924812503605778,6.0,0.0,unknown,Status element not found,2026-01-11T20:19:18.008396
oscar-sun.gr,gr,0.031804264,phishtank,,False,False,False,False,3.2516291673878226,12.0,0.0,unknown,Status element not found,2026-01-11T20:19:30.452856
crm.avtovelomoto.by,by,0.026945828,phishtank,,False,False,False,False,3.4058222502856896,19.0,0.0,safe,No unsafe content found,2026-01-11T20:19:42.790849
steamcormmunrity.com,com,0.020694971,phishtank,brand,False,True,False,False,3.521928094887362,20.0,1.0,safe,No unsafe content found,2026-01-11T20:19:49.694719
sparkasse-spush.de,de,0.052506857,phishtank,brand,False,True,False,False,3.1916116417513782,18.0,1.0,safe,No unsafe content found,2026-01-11T20:19:56.002229
dvegov.cn,cn,0.17868738,phishtank,dangerous_tld,True,False,False,False,2.94770277922009,9.0,0.0,safe,No unsafe content found,2026-01-11T20:20:02.416541
avnetworkonsite.co.za,za,0.0538089,jpcert,,False,False,False,False,3.6897037321995465,21.0,0.0,safe,No unsafe content found,2026-01-11T20:20:08.837369
goldennumber.pk,pk,0.039521247,jpcert,,False,False,False,False,3.640223928941851,15.0,0.0,safe,No unsafe content found,2026-01-11T20:20:15.259489
cajaal.pe,pe,0.04443965,phishtank,,False,False,False,False,2.6416041678685933,9.0,0.0,safe,No unsafe content found,2026-01-11T20:20:22.361942
absolutepleasure.com.my,my,0.052529693,phishtank,,False,False,False,False,3.708132064658602,23.0,0.0,safe,No unsafe content found,2026-01-11T20:20:29.448005
services-online.click,click,0.2886827,jpcert,dangerous_tld,True,False,False,False,3.4273334938982645,21.0,0.0,safe,No unsafe content found,2026-01-11T20:20:36.554928
uniquederma.com.cn,cn,0.3377309,jpcert,dangerous_tld,True,False,False,False,3.503258334775645,18.0,0.0,unknown,Status element not found,2026-01-11T20:20:43.590280
sniperland.by,by,0.03121367,phishtank,,False,False,False,False,3.5465935642949384,13.0,0.0,unknown,Status element not found,2026-01-11T20:20:55.908869
almiras.kz,kz,0.1632028,phishtank,,False,False,False,False,3.121928094887362,10.0,0.0,unknown,Status element not found,2026-01-11T20:21:08.209265
cr-bcrsesegs.icu,icu,0.31780168,phishtank,dangerous_tld,True,False,False,False,3.1556390622295662,16.0,0.0,unknown,Status element not found,2026-01-11T20:21:20.513828
regulation-route.info,info,0.43991965,phishtank,,False,False,False,False,3.594465636961452,21.0,0.0,safe,No unsafe content found,2026-01-11T20:21:32.649008
jingle.bio,bio,0.016944205,phishtank,,False,False,False,False,3.121928094887362,10.0,0.0,safe,No unsafe content found,2026-01-11T20:21:39.774787
oxx.jp,jp,0.02324422,jpcert,short,False,False,False,True,2.2516291673878226,6.0,0.0,safe,No unsafe content found,2026-01-11T20:21:46.889723
nexoenlinea.x10.bz,bz,0.028530944,phishtank,,False,False,False,False,3.419381945646371,18.0,0.0,safe,No unsafe content found,2026-01-11T20:21:53.304505
vticket.eu,eu,0.012658404,phishtank,,False,False,False,False,2.9219280948873623,10.0,0.0,safe,No unsafe content found,2026-01-11T20:21:59.729883
aemvx.cn,cn,0.06086601,jpcert,dangerous_tld,True,False,False,False,3.0,8.0,0.0,unknown,Status element not found,2026-01-11T20:22:06.120619
kelpai.cn,cn,0.091343254,jpcert,dangerous_tld,True,False,False,False,3.169925001442312,9.0,0.0,safe,No unsafe content found,2026-01-11T20:22:17.528401
segurobradescodental.com.br,br,0.17360316,phishtank,brand,False,True,False,False,3.782122224145306,27.0,1.0,unsafe,Some pages unsafe,2026-01-11T20:22:24.666342
mws8t1f2.lat,lat,0.27038765,phishtank,dangerous_tld,True,False,False,False,3.418295834054489,12.0,0.0,safe,No unsafe content found,2026-01-11T20:22:31.789250
mooney.agrinov.tn,tn,0.20427935,phishtank,,False,False,False,False,3.4104172527605203,17.0,0.0,unknown,Status element not found,2026-01-11T20:22:38.204142
ghazalalvand.ir,ir,0.09619491,phishtank,,False,False,False,False,3.240223928941852,15.0,0.0,safe,No unsafe content found,2026-01-11T20:22:49.625196
ns2bradesc.online,online,0.18931074,phishtank,dangerous_tld,True,False,False,False,3.5724694587701364,17.0,0.0,unknown,Status element not found,2026-01-11T20:22:56.764553
igesz.cn,cn,0.056572687,phishtank,dangerous_tld,True,False,False,False,3.0,8.0,0.0,safe,No unsafe content found,2026-01-11T20:23:08.889606
altinii.dk,dk,0.018556379,jpcert,,False,False,False,False,2.8464393446710154,10.0,0.0,safe,No unsafe content found,2026-01-11T20:23:16.053024
4uwtejd.lat,lat,0.013570086,phishtank,dangerous_tld,True,False,False,False,3.277613436819116,11.0,0.0,safe,No unsafe content found,2026-01-11T20:23:23.065633
xiawap.com.cn,cn,0.009797518,jpcert,dangerous_tld,True,False,False,False,3.238901256602631,13.0,0.0,unsafe,Some pages unsafe,2026-01-11T20:23:29.482199
247casino.info,info,0.43323427,phishtank,,False,False,False,False,3.378783493486176,14.0,0.0,safe,No unsafe content found,2026-01-11T20:23:35.903375
2ctcat.lat,lat,0.040836196,phishtank,dangerous_tld,True,False,False,False,2.446439344671015,10.0,0.0,safe,No unsafe content found,2026-01-11T20:23:42.300596
finlex.cn,cn,0.026309805,certificates,dangerous_tld,True,False,False,False,2.94770277922009,9.0,0.0,unknown,Status element not found,2026-01-11T20:23:48.696502
s9fmpo.lat,lat,0.064295046,phishtank,dangerous_tld,True,False,False,False,3.321928094887362,10.0,0.0,safe,No unsafe content found,2026-01-11T20:24:00.794124
pug.gl,gl,0.35404065,jpcert,short,False,False,False,True,2.2516291673878226,6.0,0.0,safe,No unsafe content found,2026-01-11T20:24:07.178806
einoq.cn,cn,0.14935926,jpcert,dangerous_tld,True,False,False,False,2.75,8.0,0.0,unknown,Status element not found,2026-01-11T20:24:14.302493
elmo-danesh.ir,ir,0.01963386,jpcert,,False,False,False,False,3.6644977792004623,14.0,0.0,safe,No unsafe content found,2026-01-11T20:24:25.726570
izykdq.top,top,0.20983842,phishtank,dangerous_tld,True,False,False,False,3.321928094887362,10.0,0.0,unknown,Status element not found,2026-01-11T20:24:32.122761
videochat.jee.cx,cx,0.10652165,phishtank,,False,False,False,False,3.452819531114783,16.0,0.0,safe,No unsafe content found,2026-01-11T20:24:43.535501
rbtpoklvbvn.icu,icu,0.025533527,phishtank,dangerous_tld,True,False,False,False,3.640223928941852,15.0,0.0,unknown,Status element not found,2026-01-11T20:24:50.662781
friedchicken.cn,cn,0.08085039,certificates,dangerous_tld,True,False,False,False,3.189898095464287,15.0,0.0,safe,No unsafe content found,2026-01-11T20:25:02.792494
smbc-cardone.icu,icu,0.26520562,phishtank,dangerous_tld,True,False,False,False,3.702819531114783,16.0,0.0,unknown,Status element not found,2026-01-11T20:25:09.199322
asrefem.top,top,0.26998627,jpcert,dangerous_tld,True,False,False,False,3.277613436819116,11.0,0.0,safe,No unsafe content found,2026-01-11T20:25:20.612268
marianne-urge.click,click,0.44467956,phishtank,dangerous_tld,True,False,False,False,3.616348566075164,19.0,0.0,safe,No unsafe content found,2026-01-11T20:25:27.022103
attisguatemala.com,com,0.09755951,phishtank,brand,False,True,False,False,3.350209029099897,18.0,1.0,unknown,Status element not found,2026-01-11T20:25:34.110197
zsedsu.cn,cn,0.048977178,jpcert,dangerous_tld,True,False,False,False,2.94770277922009,9.0,0.0,safe,No unsafe content found,2026-01-11T20:25:46.232988
lvaib.cn,cn,0.19800875,phishtank,dangerous_tld,True,False,False,False,3.0,8.0,0.0,unknown,Status element not found,2026-01-11T20:25:53.371579
lexa.com.tr,tr,0.032191932,jpcert,,False,False,False,False,3.277613436819116,11.0,0.0,safe,No unsafe content found,2026-01-11T20:26:05.506791
qdbkiexyyvho.xyz,xyz,0.44128487,jpcert,dangerous_tld,True,False,False,False,3.577819531114783,16.0,0.0,unknown,Status element not found,2026-01-11T20:26:11.882207
binancell.com,com,0.09251395,certificates,brand,False,True,False,False,3.238901256602631,13.0,1.0,safe,No unsafe content found,2026-01-11T20:26:24.026833
emkismabcsmjp.top,top,0.0111431945,phishtank,dangerous_tld,True,False,False,False,3.572469458770136,17.0,0.0,safe,No unsafe content found,2026-01-11T20:26:30.456187
