domain,source,ml_probability,dns_resolves,http_status,looks_legit,legit_indicators
smbc-cardj.icu,jpcert,0.9008450508117676,False,,,
upr.asia,jpcert,0.8224174380302429,False,,,
momalaminhauliers.co.ke,jpcert,0.9712209105491638,False,,,
teiegrom.xyz,phishtank,0.9036828875541687,False,,,
hengyahose.com,certificates,0.8862356543540955,False,,,
chipkolik.com,jpcert,0.9393750429153442,False,,,
tradepark247.com,certificates,0.9556398987770081,False,,,
damoaweb.com,jpcert,0.9123843908309937,False,,,
qhcrih.cn,certificates,0.9202728271484375,False,,,
lhbsxceifgbwx.xyz,jpcert,0.988149106502533,False,,,
kbnopdy.cn,jpcert,0.9869804978370667,False,,,
faq-gmo-aozora.is,jpcert,0.9599389433860779,False,,,
utwse.com,phishtank,0.9689523577690125,False,,,
afarsi.com,certificates,0.9185221195220947,False,,,
moouka.com,certificates,0.9815583825111389,False,,,
tepcoc.top,certificates,0.973558247089386,False,,,
sadlerwedding.com,certificates,0.7955248951911926,False,,,
smbc.news,jpcert,0.9630134701728821,False,,,
grizzlypad.com,jpcert,0.7251121401786804,False,,,
scapular.cn,jpcert,0.9269779324531555,False,,,
bailimagic.com,certificates,0.9064839482307434,False,,,
right-handgal.com,certificates,0.7288744449615479,False,,,
myjcbbe.net,jpcert,0.9881324172019958,False,,,
jn8nvd.top,phishtank,0.9390949010848999,False,,,
therocket.cn,jpcert,0.9267812967300415,False,,,
ba8dtii.xyz,certificates,0.7090984582901001,False,,,
tompicklesimer.com,jpcert,0.7716144919395447,False,,,
tinfrnusah.com,jpcert,0.94425368309021,True,503.0,,
celmr.cn,jpcert,0.949699878692627,True,503.0,,
cipuz.cn,jpcert,0.9748867750167847,True,503.0,,
egjsw.cn,jpcert,0.9676441550254822,True,503.0,,
casque.cn,jpcert,0.8506281971931458,True,503.0,,
bestdokusig.it.com,phishtank,0.9871909618377686,False,,,
ljcneoeg.sbs,jpcert,0.8933759331703186,False,,,
saison-carditco.shop,jpcert,0.9340205788612366,False,,,
eki.tongjiangstfeqd.co,jpcert,0.925746738910675,False,,,
mnuwy.cn,jpcert,0.9247364401817322,True,503.0,,
varicoloured.cn,jpcert,0.7658595442771912,True,503.0,,
cancltrst3.com,jpcert,0.956009566783905,False,,,
ewtjgavk3mn.shop,jpcert,0.906791627407074,False,,,
321bede952ueo.xyz,jpcert,0.9781802892684937,True,503.0,,
gbjct.cn,phishtank,0.9640609622001648,True,503.0,,
myjcbettssws.cc,certificates,0.9849092364311218,False,,,
derleec.com,certificates,0.9830719232559204,True,503.0,,
auspaint.com,certificates,0.7893698215484619,True,403.0,,
perielmo.com,certificates,0.9559574723243713,True,503.0,,
sandybelles.com,certificates,0.9369264841079712,False,,,
xunyqk.cn,certificates,0.9238922595977783,True,403.0,,
a4e2n7ojp.sbs,certificates,0.8426744341850281,False,,,
eposhelp.info,jpcert,0.9796889424324036,False,,,
electunas.com,jpcert,0.9676080346107483,False,,,
utwze.com,phishtank,0.9794648289680481,False,,,
avdht001.com,jpcert,0.7487947344779968,True,503.0,,
jcwa.cn,jpcert,0.8085484504699707,False,,,
rjgem08z.cn,certificates,0.8745945692062378,False,,,
fnsla.cn,jpcert,0.9583393931388855,True,403.0,,
aifulia.store,jpcert,0.9253140091896057,False,,,
fbrestricted.cfd,phishtank,0.7939044237136841,True,503.0,,
jtmj.cn,certificates,0.9656633138656616,False,,,
nftcube.cn,jpcert,0.8337199091911316,False,,,
shanxipengfei.com,certificates,0.8171059489250183,True,503.0,,
baoruisuye.com,certificates,0.962296724319458,True,503.0,,
puhjytdesc.com,certificates,0.923645555973053,False,,,
hidisun.com,certificates,0.9683340191841125,False,,,
punkhoodie.com,jpcert,0.9607725739479065,False,,,
aqcsxdibojau.top,certificates,0.9646515846252441,False,,,
mfgnub-web1kower.icu,certificates,0.730891227722168,False,,,
jxskylin.com,jpcert,0.9578729867935181,False,,,
oricajiechud.shop,jpcert,0.9594436883926392,False,,,
ntrfw.com,jpcert,0.906611442565918,False,,,
sxawe.com,jpcert,0.9249743223190308,True,503.0,,
wanyunjiankang.com,certificates,0.981813907623291,False,,,
hnxxsjsy.com,jpcert,0.784698486328125,True,503.0,,
viewsnet-localite.vojfb.cn,jpcert,0.9866064190864563,True,503.0,,
feab.com.cn,jpcert,0.8175280690193176,False,,,
vktjnod.cn,certificates,0.9863404035568237,True,503.0,,
muscadel.cn,jpcert,0.8930164575576782,True,503.0,,
xmabang.cn,certificates,0.9668964743614197,True,503.0,,
tinfrnnjd.com,jpcert,0.9722674489021301,True,503.0,,
hh99316.com,jpcert,0.9673736691474915,False,,,
epohkcxtvwmoa3.top,jpcert,0.8372918963432312,False,,,
deedprogress.co.za,jpcert,0.9883788824081421,False,,,
dinapansg.cOM,certificates,0.9719969630241394,False,,,
ahsaifei.com,certificates,0.7467166781425476,False,,,
ansiguoer.com,certificates,0.8605899810791016,False,,,
jcb-co-jp-iss-mobile-open-entraa.top,jpcert,0.7716463804244995,False,,,
hhhtjtlaw.com,jpcert,0.790324866771698,True,503.0,,
zhenggu.cc,certificates,0.9434050917625427,True,503.0,,
anneam.top,certificates,0.7071627378463745,False,,,
sscleaningsvcs.com,jpcert,0.9344597458839417,False,,,
smbcojp.online,certificates,0.975850522518158,False,,,
ybrstpem.com,jpcert,0.9417828917503357,True,503.0,,
blmuz.cn,jpcert,0.9608554244041443,True,503.0,,
eza613.com,jpcert,0.9728277325630188,False,,,
jcnjt.com,certificates,0.9724606275558472,False,,,
smbc-cardz.club,phishtank,0.981198787689209,False,,,
vnrehbv.top,certificates,0.9768785834312439,False,,,
resonabk-customers.net,certificates,0.9862741827964783,False,,,
lswrf.cn,phishtank,0.9787294864654541,True,503.0,,
ejmgmaqz.shop,jpcert,0.9859926104545593,False,,,
wxmjljz.com,jpcert,0.7318776249885559,False,,,
santaleocadia.com,jpcert,0.7126093506813049,False,,,
natwak.com,phishtank,0.9841572642326355,True,503.0,,
polwifs.com,certificates,0.9616804718971252,True,503.0,,
e3al1aadk1fn6b.top,certificates,0.9516158699989319,False,,,
decima.cn,certificates,0.8506281971931458,False,,,
zylyil.com,certificates,0.9584681391716003,False,,,
www-bitflyer.com,certificates,0.9640862345695496,False,,,
aigfshrewqwra.com,certificates,0.9004536271095276,False,,,
dlaiblog.com,certificates,0.9437589645385742,False,,,
58holy.net,jpcert,0.951094388961792,True,503.0,,
weoijs.live,jpcert,0.9746469855308533,False,,,
shancuoxia.cn,certificates,0.8050767183303833,True,,,
amazom-1co-jp.xyz,certificates,0.9198974967002869,False,,,
rakuten-japan.live,jpcert,0.9728647470474243,False,,,
anna-hoang.com,jpcert,0.9120800495147705,True,503.0,,
j12mra.cn,jpcert,0.7684215307235718,True,403.0,,
hanyipuzi.com,certificates,0.8711053729057312,False,,,
id-conect.info,certificates,0.9578938484191895,False,,,
fitchat.com.cn,certificates,0.9758148789405823,False,,,
amazoywhfjas.com,certificates,0.9557671546936035,False,,,
anatolianwarrior.com,certificates,0.8886125087738037,False,,,
sdbrhedaynztok.com,jpcert,0.8785936832427979,False,,,
yvoab.cn,jpcert,0.9089678525924683,True,503.0,,
ivkar.cn,certificates,0.9793750643730164,False,,,
aifulti.cyou,jpcert,0.9459359049797058,False,,,
1u6b0z.top,phishtank,0.7297195792198181,False,,,
asahi-lifer.com,certificates,0.8303504586219788,False,,,
jeaovq.cn,jpcert,0.8796109557151794,True,503.0,,
r-l.top,jpcert,0.9648356437683105,False,,,
cougarsmut.com,jpcert,0.9813216328620911,False,,,
pmvjh.cn,phishtank,0.8966885209083557,False,,,
syoutech.com,certificates,0.9563458561897278,True,503.0,,
rakutencards.cc,jpcert,0.9353926777839661,True,503.0,,
qbstdfds.com,jpcert,0.9641290307044983,False,,,
hjavnrw.xyz,jpcert,0.702938973903656,False,,,
utwza.com,phishtank,0.9794648289680481,False,,,
opepcrfr.com,jpcert,0.7489676475524902,True,503.0,,
beebiservice.com,jpcert,0.952021598815918,True,503.0,,
mirid.cn,jpcert,0.9748867750167847,True,503.0,,
jupiter-prize.com,phishtank,0.9864083528518677,True,503.0,,
nootropic.cn,certificates,0.7785953283309937,False,,,
inpuy.cn,jpcert,0.9748867750167847,True,503.0,,
qncauto.com,certificates,0.9731664061546326,True,503.0,,
mangkhoxaongonb.icu,certificates,0.8456646203994751,False,,,
utwgw.com,phishtank,0.987967312335968,False,,,
alhangyi.com,certificates,0.9661505818367004,False,,,
ameuoxpreas.com,jpcert,0.9487056136131287,False,,,
yeschef.cn,certificates,0.9642630219459534,True,503.0,,
answer-gmo-aozora.is,certificates,0.9341003894805908,False,,,
aisuoxuan.com,jpcert,0.9863280057907104,True,503.0,,
cpzmushelu.com,jpcert,0.9875811338424683,False,,,
yvjxamaomao.com,certificates,0.9755086898803711,False,,,
gbbjl.cn,phishtank,0.9640609622001648,True,503.0,,
wmpiofd.top,certificates,0.9739789366722107,False,,,
rewardsportal.top,certificates,0.947604775428772,False,,,
lylhwzjs.com,certificates,0.9811344146728516,True,503.0,,
pknfnsmupdbju.com,phishtank,0.9409545660018921,False,,,
heimaojituan14.com,jpcert,0.9128707051277161,False,,,
jinanjiyerenli.com,certificates,0.9832398295402527,True,503.0,,
pdghm.cn,phishtank,0.9787294864654541,True,503.0,,
gzhuoyuan.com,certificates,0.9843488335609436,True,403.0,,
sdhxly.com,jpcert,0.876153826713562,True,200.0,unknown,
thechickentrap.com,jpcert,0.8490915298461914,True,503.0,,
kuronekoyamecato.top,jpcert,0.8999059200286865,False,,,
kuronekoyamcato.top,jpcert,0.7666835784912109,False,,,
wusenkj.cn,certificates,0.7504056096076965,True,503.0,,
softsecurec.site,jpcert,0.9500775337219238,False,,,
cwbm.cn,certificates,0.9670215249061584,False,,,
unkxmhx.com,certificates,0.9647045731544495,True,503.0,,
koncniw.com,certificates,0.9539375305175781,False,,,
ttdc.ge,jpcert,0.9850568175315857,False,,,
xcn168.com,certificates,0.9538632035255432,True,503.0,,
ntaeo.com,certificates,0.9433985948562622,False,,,
dftlnr.cn,jpcert,0.9065117835998535,True,503.0,,
big-lobe-web-mail-jp.cloud,jpcert,0.8985579609870911,False,,,
sjjkj1.top,certificates,0.9672876000404358,False,,,
scdcjf.com,certificates,0.9701433181762695,False,,,
fjovx.cn,jpcert,0.957789957523346,False,,,
cloudsaltshaker.co.kr,jpcert,0.986966609954834,False,,,
rhodolite.cn,jpcert,0.8074179887771606,True,503.0,,
zjcopious.com,jpcert,0.9500392079353333,False,,,
etxcinf.com,phishtank,0.9726956486701965,False,,,
encoregardengroup.com,jpcert,0.9561765789985657,False,,,
allddn.com,jpcert,0.8055493235588074,True,503.0,,
allmendoit.com,jpcert,0.810679018497467,False,,,
835279.com,jpcert,0.9744384288787842,False,,,
jakeogorzalek.com,jpcert,0.7305605411529541,False,,,
irishpub.cn,certificates,0.8893435597419739,False,,,
iamazan.com,jpcert,0.920012354850769,False,,,
gramdao.xyz,phishtank,0.963397204875946,False,,,
baezd.com,certificates,0.9187153577804565,False,,,
oihxbvsbdv.icu,certificates,0.9721075892448425,False,,,
correo6.cc,phishtank,0.7032144069671631,False,,,
recovery-xokd.top,jpcert,0.7135882377624512,False,,,
vtczhw.com,jpcert,0.9381967782974243,False,,,
smbc-caradat.com,jpcert,0.8584030270576477,True,503.0,,
fpers.com,certificates,0.9804747700691223,False,,,
greapritot29.life,certificates,0.7038871049880981,False,,,
smbc-cardj.xin,jpcert,0.9823305606842041,False,,,
vernacularvideos.com,phishtank,0.8906809091567993,True,503.0,,
vscribes.com,jpcert,0.9851859211921692,False,,,
mycajcbbs.sbs,jpcert,0.98183274269104,True,503.0,,
nnl9l21fa.top,jpcert,0.9803285598754883,False,,,
dianazz.com,certificates,0.8763387203216553,False,,,
vponesservaco.shop,jpcert,0.9578642249107361,False,,,
allegro-stroe.cc,phishtank,0.8995186686515808,False,,,
maribibody.com,jpcert,0.9827656149864197,False,,,
digitalmasters.cn,certificates,0.7435795068740845,False,,,
iconproducts.cn,certificates,0.8414639234542847,False,,,
pcuguz.ink,jpcert,0.969866156578064,False,,,
aptdzk.ink,jpcert,0.8340707421302795,False,,,
sxhaedlexqlhe.com,certificates,0.8812340497970581,False,,,
pouejsohvsg.icu,certificates,0.7909079790115356,False,,,
ehue77.cn,jpcert,0.907517671585083,False,,,
hornfels.cn,jpcert,0.959864616394043,True,503.0,,
prgge.cn,jpcert,0.9146524667739868,True,503.0,,
bfo681.com,certificates,0.9877610206604004,False,,,
boxaocanngonngona.icu,certificates,0.9465540647506714,False,,,
evrryday.com,jpcert,0.7031418085098267,False,,,
dreamsdesigns.cn,certificates,0.9756929278373718,True,404.0,,
omgetty.com,certificates,0.8862433433532715,True,200.0,unknown,
zhongnanvalves.com,certificates,0.9745272994041443,True,503.0,,
post-x.top,certificates,0.9370869994163513,False,,,
qingsongbar.com,certificates,0.9019854664802551,True,503.0,,
zsctald.com,certificates,0.9850732684135437,False,,,
airlines-contact-number.com,certificates,0.7965376973152161,False,,,
nxikaxoqgnuwrp.com,phishtank,0.7543279528617859,False,,,
wyjuqqe.top,jpcert,0.9704504609107971,False,,,
baidachu.com.cn,certificates,0.7963618636131287,False,,,
gkhahqrz.ne.pw,jpcert,0.9867332577705383,False,,,
smbc-card.vip,certificates,0.9475271105766296,False,,,
amerercxsa.com,jpcert,0.9610235095024109,False,,,
brooksffield.shop,phishtank,0.9795271754264832,False,,,
trycellegene.com,jpcert,0.9656215906143188,False,,,
dbs.amakankartu24.com,phishtank,0.9887744188308716,False,,,
zhuhulan.com,certificates,0.984670877456665,True,404.0,,
hangzhougupiaozhishi.cn,jpcert,0.8798976540565491,False,,,
tmallruzhu.com.cn,jpcert,0.7164934873580933,False,,,
colegio.cn,jpcert,0.8844123482704163,False,,,
bccen32.com,certificates,0.9780229926109314,False,,,
remi73.com,jpcert,0.9868254065513611,False,,,
smbc-cardb.xyz,jpcert,0.9737091064453125,False,,,
x5oq1.icu,certificates,0.9765037894248962,False,,,
fl.sunpashlqa.cfd,phishtank,0.9867227673530579,False,,,
heimao-posti.cyou,jpcert,0.8437387943267822,False,,,
lifestylebusinessmagazine.com,certificates,0.7931870222091675,False,,,
aifulfa.online,jpcert,0.9128769636154175,False,,,
sparen.cn,certificates,0.9664144515991211,False,,,
587ebdvb.com,certificates,0.9855059385299683,False,,,
frexxx.net,certificates,0.7608258128166199,True,200.0,unknown,
thinklinker.com,jpcert,0.9471116662025452,True,403.0,,
makingskenhelp.com,certificates,0.9504290819168091,False,,,
denapharm.com,certificates,0.9424829483032227,False,,,
korzq.cn,jpcert,0.9608554244041443,True,503.0,,
nbxljs.com,jpcert,0.9311190843582153,True,503.0,,
communityshuiyet.com,jpcert,0.7232940196990967,False,,,
kbqsrq.com,certificates,0.9551075100898743,True,503.0,,
2coolsports.com,jpcert,0.7487980127334595,False,,,
goodstandporcelain.com,certificates,0.7853084206581116,True,200.0,unknown,
zimbratechupdateonline.top,phishtank,0.981145441532135,False,,,
yei237.com,jpcert,0.9592716693878174,False,,,
japan-inco.shop,jpcert,0.9872112274169922,False,,,
ybrjaoias.com,jpcert,0.9164459109306335,False,,,
gsgsdgsf.xyz,jpcert,0.9684455990791321,False,,,
kuronekoyameoato.top,jpcert,0.75226229429245,False,,,
95dnr.com,certificates,0.9673124551773071,False,,,
zzrfid.com,certificates,0.9876022934913635,False,,,
process-amazon-japan.com,jpcert,0.9761229157447815,False,,,
huapensoft.com,certificates,0.941337525844574,False,,,
mademoisellepopie.com,certificates,0.844528079032898,True,503.0,,
pewma.shop,phishtank,0.981296718120575,False,,,
amazon-co.me,certificates,0.9613012671470642,False,,,
jadnumd.com,certificates,0.9342243671417236,False,,,
aeon-cald.com,certificates,0.9832094311714172,False,,,
newyork321.com,certificates,0.9621294140815735,False,,,
mcikceradmy06.xyz,jpcert,0.964219331741333,False,,,
smbc-cardfive.work,phishtank,0.986019492149353,False,,,
zdc-jt.com,certificates,0.7783527374267578,True,503.0,,
m9uxjf.cn,jpcert,0.9141101837158203,True,503.0,,
ddujzimf.ne.pw,jpcert,0.8735328912734985,False,,,
icovalent.com,certificates,0.918627142906189,False,,,
microbecide.com,jpcert,0.8983824253082275,False,,,
aifulmn.co,jpcert,0.8231740593910217,False,,,
estafetawqa.top,jpcert,0.8965680599212646,False,,,
whatagrlwants.com,jpcert,0.8759213089942932,False,,,
ycmww.cn,jpcert,0.9856897592544556,False,,,
hitruns.com,jpcert,0.944034218788147,True,503.0,,
xzfzfssvip.com,certificates,0.9816135168075562,True,503.0,,
websitesetcmeisaimladmin.life,jpcert,0.961840033531189,False,,,
mzegzoof.com,jpcert,0.8696554899215698,False,,,
sdnydc.com,jpcert,0.9458223581314087,True,404.0,,
isrpostmm.life,phishtank,0.7346546649932861,False,,,
qdhsjdy.cn,certificates,0.8735023140907288,True,503.0,,
meikacadmy02.top,jpcert,0.9494571685791016,False,,,
columbusnebraskarealestate.com,certificates,0.7937837243080139,False,,,
waitlist-lens.com,phishtank,0.9718014001846313,False,,,
ebt.icu,phishtank,0.7786973118782043,False,,,
dongzhiabc.com,certificates,0.9352973699569702,False,,,
kuronekoyamabo.online,jpcert,0.8625388741493225,False,,,
kimbanx.com,certificates,0.9141808152198792,True,502.0,,
xy2.eu,phishtank,0.9644556045532227,True,403.0,,
vloacuecaqqw.top,jpcert,0.9177572727203369,False,,,
abbygabs.com,jpcert,0.9800949096679688,False,,,
iservdu.com,certificates,0.9779238104820251,False,,,
dmonik.com,jpcert,0.7168357372283936,False,,,
dfgamers.com,certificates,0.8049082159996033,False,,,
qqajwx.cn,jpcert,0.7840992212295532,True,503.0,,
yh2079.club,jpcert,0.9479987621307373,False,,,
dinaibg.COM,certificates,0.9581626057624817,False,,,
coverage4life.com,certificates,0.9458690285682678,False,,,
jiangyinylmzb.co,certificates,0.9511996507644653,False,,,
cytxule.sbs,jpcert,0.9850732684135437,False,,,
xxzxbw.com,jpcert,0.8714208006858826,True,503.0,,
verifyidmetaxportal.com,phishtank,0.9676126837730408,True,503.0,,
jwmx.cn,certificates,0.9809027910232544,False,,,
fiaqxfgrxxlh.xyz,jpcert,0.9402909278869629,True,503.0,,
starinternationalexports.com,jpcert,0.7020019888877869,False,,,
ntalog.info,jpcert,0.8087825775146484,False,,,
aezoe.com,certificates,0.7617636919021606,False,,,
254183.net,jpcert,0.9797348380088806,False,,,
wr5ssq.top,phishtank,0.9390949010848999,False,,,
haitaiyanggroup.com,certificates,0.9136679172515869,True,404.0,,
akonyekena.com,certificates,0.8683463931083679,False,,,
hamidi.sa.com,phishtank,0.9476395845413208,False,,,
isohcg.com,jpcert,0.9333611130714417,False,,,
hfjc.pages.dev,phishtank,0.987880527973175,True,503.0,,
xuqvu.icu,certificates,0.8479642271995544,False,,,
somatics.cn,jpcert,0.8996132016181946,False,,,
saiva.cn,jpcert,0.9001057147979736,True,503.0,,
bzjp2grz.top,certificates,0.9210734367370605,False,,,
nnnreblog.com,jpcert,0.9215231537818909,False,,,
decjia.com,certificates,0.9316694140434265,True,503.0,,
upglj5hi.top,jpcert,0.7812569737434387,False,,,
sps-jetz1.net,phishtank,0.9091078639030457,True,503.0,,
jiaodujiaoyucc.com,jpcert,0.7078151702880859,True,503.0,,
dahebuluo.com,certificates,0.9456596374511719,True,404.0,,
gcbtt.cn,phishtank,0.9469237327575684,True,503.0,,
uccard-mitfew.xmemf.cn,jpcert,0.987318217754364,True,503.0,,
pfqmj.cn,phishtank,0.9787294864654541,True,503.0,,
bataviaoutdoorlighting.com,certificates,0.9696713089942932,False,,,
everbrigotonics.com,certificates,0.9305903911590576,False,,,
corona-news.net,jpcert,0.9670025706291199,True,503.0,,
yoxkdd.cn,jpcert,0.7845998406410217,True,503.0,,
l40zic.cn,jpcert,0.7387896776199341,True,503.0,,
cyber-promise.com,jpcert,0.8758551478385925,False,,,
fhmld.cn,phishtank,0.9787294864654541,True,503.0,,
rotf.lol,jpcert,0.9432873129844666,True,403.0,,
kuronekoyamsjato.top,jpcert,0.829990029335022,False,,,
verification-amazon-yp.gq,jpcert,0.9856262803077698,False,,,
shjingchao.com,certificates,0.9118539094924927,True,520.0,,
eposcard.digital,jpcert,0.9833300709724426,False,,,
opennext.ru,jpcert,0.9442512392997742,False,,,
n-4.top,jpcert,0.9016246199607849,False,,,
inpmvyzrtirlaq.top,jpcert,0.9838084578514099,True,503.0,,
by1705.cn,jpcert,0.9858915209770203,True,503.0,,
nanfengnet.com,phishtank,0.9221452474594116,True,,,
mwrtoal.cn,certificates,0.9848284125328064,True,404.0,,
asupredental.com,phishtank,0.971481204032898,True,503.0,,
yingquanzw.com,certificates,0.9611909985542297,False,,,
manupandey.com,certificates,0.9263306856155396,True,200.0,True,about us|contact|privacy policy
astrologermarriagesolution.com,certificates,0.7455583214759827,False,,,
bbmiec.com,certificates,0.9797633290290833,True,503.0,,
kangfeipvc.com,certificates,0.9759407639503479,True,200.0,unknown,
42kmm.com,certificates,0.9775438904762268,False,,,
eustoneducation.co.uk,jpcert,0.9693961143493652,False,,,
biiotw.site,certificates,0.9650058746337891,False,,,
beingfaceless.com,certificates,0.9802579283714294,True,403.0,,
registration.bim.co.ua,phishtank,0.9874551296234131,True,503.0,,
ivzcfue.cn,certificates,0.9148464798927307,True,503.0,,
clubrush.cn,jpcert,0.966563880443573,True,503.0,,
gzxingwei.asia,jpcert,0.73722904920578,False,,,
die-d.top,jpcert,0.9301536083221436,False,,,
utwae.com,phishtank,0.9440279603004456,True,503.0,,
uccardservsb.shop,jpcert,0.8484166860580444,False,,,
sanjingupkxa.com,certificates,0.8582555651664734,False,,,
shfmhld.top,jpcert,0.9782604575157166,False,,,
jcbexclusiveoffers.top,certificates,0.8886259198188782,False,,,
calimesa.tk,jpcert,0.9542108774185181,False,,,
fatong360.com,certificates,0.9797872304916382,True,503.0,,
jl-wty.com,jpcert,0.9074633717536926,True,503.0,,
ekxm.cn,jpcert,0.9052718877792358,True,403.0,,
guohuichina.com,certificates,0.930193305015564,True,503.0,,
netbkk.net,certificates,0.7379734516143799,False,,,
evwit.com,certificates,0.8044987916946411,True,200.0,unknown,copyright
collesun.com,certificates,0.9860231876373291,True,502.0,,
mengcun234.cn,jpcert,0.9669579863548279,True,503.0,,
s3ss.cn,certificates,0.9246881604194641,True,503.0,,
inikembar6.com,jpcert,0.9809709191322327,False,,,
eki.nanyangbesayw.co,jpcert,0.7797437310218811,False,,,
etc-meisaizjp.cf,certificates,0.7042005062103271,False,,,
glqcyy.com,jpcert,0.8236254453659058,True,503.0,,
vponesservco.shop,jpcert,0.9722107648849487,False,,,
discovernapasonoma.com,jpcert,0.7098262310028076,False,,,
buyersagent.cn,jpcert,0.9120401740074158,False,,,
grupsahin.com,jpcert,0.8696929812431335,True,503.0,,
yenib358.top,phishtank,0.8418618440628052,False,,,
grouplfe.com,jpcert,0.8531208038330078,True,503.0,,
express-ship-del.com,phishtank,0.8857991099357605,False,,,
worldshotelscompare.com,certificates,0.8602649569511414,False,,,
myjcbxiaoliu.cc,certificates,0.8150211572647095,False,,,
mamruongontha.icu,certificates,0.833519697189331,False,,,
huiguapai.com,certificates,0.9187549948692322,True,503.0,,
cinhpgq.com,jpcert,0.8178526163101196,False,,,
smccbcerad.sbs,certificates,0.9373521208763123,False,,,
sxrunze.com,certificates,0.9747269153594971,False,,,
ce7l.cn,certificates,0.9714665412902832,False,,,
irprj.cn,jpcert,0.9583393931388855,True,503.0,,
myjcbettings.cc,jpcert,0.959143877029419,False,,,
aifulna.co,jpcert,0.780635416507721,False,,,
kaqiang.cn,certificates,0.8037957549095154,False,,,
jacobspublishers.com,jpcert,0.9719167947769165,True,200.0,True,contact|copyright
ls0onw.top,phishtank,0.8034130334854126,False,,,
c5q1jb.cn,jpcert,0.9830469489097595,True,403.0,,
mizunogolfsingapore.com,jpcert,0.9878056049346924,False,,,
hakanhamdicelik.com,jpcert,0.9286981225013733,False,,,
changyingfilm.com,certificates,0.9754966497421265,True,503.0,,
tjqcyq.com,jpcert,0.9458223581314087,True,503.0,,
dinaansg.com,certificates,0.9751495718955994,False,,,
evriserves6.today,phishtank,0.8156779408454895,False,,,
rdohzfakmnqley.top,certificates,0.9885631799697876,True,503.0,,
kuronekoyamzafto.top,jpcert,0.7684091925621033,False,,,
macbookdeal.com,jpcert,0.7394430041313171,False,,,
bqc8wxk.top,certificates,0.928665041923523,False,,,
yngsowusad.com,jpcert,0.9161757826805115,False,,,
xmminjiang.com,certificates,0.961189329624176,False,,,
iwangwangwang.com,certificates,0.8712815046310425,True,503.0,,
xvlnmuz.top,certificates,0.8655709624290466,False,,,
zlee.cc,certificates,0.9827232360839844,True,503.0,,
xxatz.cn,certificates,0.9122876524925232,False,,,
syzxyun.com,certificates,0.9679027795791626,True,503.0,,
dev.spruzzodigitalmarketing.com,jpcert,0.9711157083511353,True,406.0,,
eLECTisg.COM,certificates,0.9654680490493774,False,,,
xindangtu.com,jpcert,0.936514139175415,False,,,
medinformatik.com,certificates,0.7911494374275208,False,,,
myaupayfirmis.shop,jpcert,0.9788629412651062,False,,,
kqkyj.cn,phishtank,0.9640609622001648,True,503.0,,
kuronekoyamato.cloud,jpcert,0.9727150201797485,False,,,
app.whyuru.com,phishtank,0.9762129783630371,True,503.0,,
group86.cn,jpcert,0.9573787450790405,True,503.0,,
rpygp.cn,phishtank,0.9640609622001648,True,503.0,,
classicsfinefoods.co.uk,jpcert,0.9624060392379761,False,,,
suhqq.cn,jpcert,0.9806084632873535,True,403.0,,
adopter.shop,certificates,0.7226501107215881,False,,,
seturls.in,certificates,0.9714755415916443,False,,,
maxlsx.top,certificates,0.9878361821174622,False,,,
deeyesight.com,certificates,0.9835343956947327,True,403.0,,
ELECTunas.COM,certificates,0.9676080346107483,False,,,
suai4.com,certificates,0.9253604412078857,False,,,
smbc-cardfive.click,phishtank,0.9545869827270508,False,,,
dxlqb.cn,jpcert,0.8933837413787842,False,,,
wpspc.cn,jpcert,0.7024288773536682,True,503.0,,
kdhjjc.com,jpcert,0.9140132665634155,True,200.0,unknown,
utwar.com,phishtank,0.9526945352554321,True,503.0,,
longyingfilm.com,certificates,0.945706844329834,True,403.0,,
kristian.cn,certificates,0.9269779324531555,False,,,
saison-card.xyz,certificates,0.7127589583396912,False,,,
czxingye.cn,jpcert,0.9881978631019592,True,503.0,,
1r5-appnew.com,phishtank,0.7264405488967896,False,,,
xasmlt.com,jpcert,0.9294306635856628,False,,,
xzxmkj.com,certificates,0.9458223581314087,False,,,
homeonthemend.com,certificates,0.9548935294151306,False,,,
amgreatness.co,certificates,0.9615126252174377,False,,,
gaufo.cn,jpcert,0.80751633644104,False,,,
myjcbhaode.cc,jpcert,0.8280986547470093,False,,,
linkunshorten.com,phishtank,0.9764078855514526,True,403.0,,
activar-token-bip.0hi.me,phishtank,0.8843293786048889,True,503.0,,
dachenyouzhi.com,certificates,0.9322113394737244,False,,,
gbpgy.cn,phishtank,0.9640609622001648,True,503.0,,
hlsjew.com,jpcert,0.7702118754386902,True,503.0,,
gfgl2jdu.top,certificates,0.8962132334709167,True,503.0,,
fsfglighting.com,jpcert,0.9241797924041748,True,503.0,,
support-web3-recover.com,phishtank,0.7393484115600586,True,503.0,,
hltsports.com,certificates,0.9640587568283081,False,,,
crm.nextloop.net,jpcert,0.971872091293335,True,200.0,unknown,
aysmdf.com,jpcert,0.724597156047821,True,503.0,,
jcbother.cc,certificates,0.9803714156150818,False,,,
ldsjsy.cn,jpcert,0.9877049922943115,True,404.0,,
kmquw.cn,jpcert,0.9608554244041443,True,503.0,,
cool2aiful.com,jpcert,0.7299506664276123,False,,,
qinhuangdaotd.co,certificates,0.7560185790061951,False,,,
jingaogeqiang.com,certificates,0.9376826882362366,False,,,
pidof.asia,jpcert,0.9301652908325195,False,,,
adgedo.com,jpcert,0.7917041778564453,False,,,
yfmuye.com,jpcert,0.9636604189872742,False,,,
tm2445.com,jpcert,0.8582056760787964,False,,,
bvdyusfisudgfwsg.icu,certificates,0.7507084608078003,False,,,
homeportaluser.com,jpcert,0.9579463601112366,False,,,
ixbepfq.com,certificates,0.9719147682189941,False,,,
olicordservas.shop,jpcert,0.9870136380195618,False,,,
sameer.cn,certificates,0.8506281971931458,False,,,
ceciliaguthrie.com,certificates,0.719429612159729,True,503.0,,
acgf.cc,jpcert,0.7695473432540894,False,,,
completecase.net,certificates,0.8292615413665771,True,503.0,,
markputt.com,jpcert,0.866295337677002,False,,,
aifultwoi.com,jpcert,0.8028196692466736,False,,,
mylinkinb.io,phishtank,0.9847211241722107,True,200.0,unknown,
anancar.com,certificates,0.9587098956108093,True,503.0,,
invedica.com,certificates,0.956459641456604,False,,,
chogory.cn,jpcert,0.9630789160728455,True,503.0,,
utwfa.com,phishtank,0.9794648289680481,False,,,
hnzlzl.com,certificates,0.9754258990287781,True,503.0,,
utrwu.com,phishtank,0.8631898164749146,False,,,
ugyfubf.com,jpcert,0.9756645560264587,False,,,
viaseis.com,jpcert,0.9150888919830322,False,,,
noellekostraba.com,jpcert,0.9019378423690796,False,,,
ldwwryjuibor.xyz,jpcert,0.8148440718650818,False,,,
bsnbazgn.ne.pw,jpcert,0.9829081296920776,False,,,
kuronekoyamemato.top,jpcert,0.7213209867477417,False,,,
dtmgjx.cn,certificates,0.8688832521438599,True,404.0,,
mxtsxs.cn,jpcert,0.9884566068649292,True,503.0,,
scienway.com,certificates,0.8849222660064697,True,503.0,,
utwsu.com,phishtank,0.9687502384185791,False,,,
shimiaodaomixian.com,jpcert,0.9878767728805542,False,,,
ntfcollections.com,phishtank,0.8658101558685303,False,,,
kidsier.com,certificates,0.9511913657188416,False,,,
haimiaosc.com,certificates,0.8921827077865601,False,,,
udxni.cn,phishtank,0.9869893193244934,True,503.0,,
douyb.top,certificates,0.9578688144683838,False,,,
anaskyrenzhena.shop,jpcert,0.7239770889282227,False,,,
fgj7.skin,phishtank,0.9805601835250854,False,,,
huidasheng.com,jpcert,0.9438888430595398,True,503.0,,
kkdcreation.com,certificates,0.8438413143157959,False,,,
a.ardenthomehealthcare.com,jpcert,0.9800733923912048,False,,,
arrowguard.info,phishtank,0.9718732237815857,False,,,
ybrsjirs.com,jpcert,0.8980634808540344,True,503.0,,
ayjbpxepaywl.top,certificates,0.8220259547233582,False,,,
jduxstc.com,certificates,0.8129715323448181,False,,,
sop655.com,jpcert,0.8389250040054321,True,503.0,,
caon3imabijcb.cyou,certificates,0.8576065301895142,False,,,
slpoost.cc,certificates,0.9880181550979614,False,,,
hnmint.com,jpcert,0.9594491720199585,False,,,
q1fhzv.top,phishtank,0.9506337642669678,True,503.0,,
dctntk.cn,certificates,0.9727163910865784,True,,,
crmufgvipcards.top,jpcert,0.799563467502594,False,,,
qepi.com.cn,jpcert,0.8175280690193176,True,404.0,,
banhmichabongngona.icu,jpcert,0.9371699094772339,False,,,
w5632.com,jpcert,0.7839848399162292,True,503.0,,
kigdmny.top,certificates,0.8655709624290466,False,,,
pieysdk.xyz,jpcert,0.8632051944732666,True,503.0,,
vmhes.cn,jpcert,0.9608554244041443,True,403.0,,
hzxc12.com,jpcert,0.9805477857589722,True,503.0,,
admiredcleaver.co.kr,jpcert,0.9882739782333374,False,,,
dpn39.com,certificates,0.8295887112617493,False,,,
36681.cn,jpcert,0.8024244904518127,True,404.0,,
my-paypay.tokyo,jpcert,0.9545187950134277,False,,,
idsjofeokvhn.top,certificates,0.9242368340492249,False,,,
grjoiaob.ne.pw,certificates,0.7586179375648499,True,503.0,,
hub.masscpas.org,phishtank,0.9687113165855408,True,200.0,True,contact|copyright|company
janpan-smbc-crad.com,certificates,0.7983020544052124,False,,,
myhqonline.com,certificates,0.9884446859359741,False,,,
eerakuten.com,certificates,0.7241488099098206,True,503.0,,
lzqsk.cn,phishtank,0.9787294864654541,True,503.0,,
hargahpblackberry.com,certificates,0.8231942057609558,True,503.0,,
dfrqmpc.com,jpcert,0.7467136383056641,True,503.0,,
connectthedots.cn,jpcert,0.968817949295044,False,,,
handansteel.com,certificates,0.9755743741989136,True,404.0,,
cqwanbo.com.cn,jpcert,0.9156241416931152,True,503.0,,
xinyidasy.com,certificates,0.961583137512207,False,,,
cnmfaz.wiki,jpcert,0.7026756405830383,False,,,
pxtekcd.com,certificates,0.9817387461662292,False,,,
raksd.site,jpcert,0.929888129234314,False,,,
zhitongw.com,certificates,0.9850291609764099,True,403.0,,
zco.plus,jpcert,0.9597156047821045,False,,,
tmzusl.cn,certificates,0.8494635224342346,False,,,
jyqroqintohnyp.top,jpcert,0.9501602053642273,False,,,
kuronekoyamwqato.top,jpcert,0.829990029335022,False,,,
mysmbc-jp-co.com,jpcert,0.9883412718772888,False,,,
maiyaozaixian.net,jpcert,0.9119333624839783,False,,,
tjjlzb.com.cn,jpcert,0.9406649470329285,True,403.0,,
dlmingtai.com,certificates,0.9762601256370544,True,503.0,,
nbaopener.com,certificates,0.9878944754600525,False,,,
gyvs1gle.top,certificates,0.8962132334709167,False,,,
fxzvaakb.com,certificates,0.9800761342048645,False,,,
23gd.net,certificates,0.8368011713027954,False,,,
citipayp.com,certificates,0.7954447865486145,False,,,
577009.cc,certificates,0.9283788800239563,True,503.0,,
syracusecommercialroofing.com,jpcert,0.7491417527198792,False,,,
48uoq.com,jpcert,0.9083036780357361,False,,,
bbiuiaywtwyn.top,certificates,0.7036738395690918,False,,,
weimiaoxuetang.com,certificates,0.8692148327827454,True,404.0,,
orangetopaz.cn,jpcert,0.8515766859054565,False,,,
pangzuzhengd.cn,jpcert,0.9537063241004944,True,503.0,,
fsjfhb.com,jpcert,0.9268926978111267,True,403.0,,
uhsxubf.com,certificates,0.9806548357009888,True,503.0,,
cinelando.com,certificates,0.9288937449455261,False,,,
bbbcq.com,jpcert,0.8721957802772522,True,200.0,unknown,
nzgebl.com,certificates,0.7565341591835022,False,,,
ucqy37vvz.top,jpcert,0.8815294504165649,False,,,
glqdcue.cn,certificates,0.9878822565078735,False,,,
hrfpmw.com,jpcert,0.9480328559875488,False,,,
sykunwang.com,certificates,0.97366863489151,True,503.0,,
dajiaojr.com,certificates,0.9524679183959961,False,,,
ksscx.net,certificates,0.864955723285675,False,,,
cufdenwyirgzgx.com,jpcert,0.8785936832427979,False,,,
ainanchang.cn,jpcert,0.738223671913147,False,,,
dt118.com.cn,certificates,0.9671339988708496,False,,,
zibozhenneng.com,certificates,0.9296444654464722,True,503.0,,
ynfkukw.com,certificates,0.9752095341682434,False,,,
9sjhfs.lat,phishtank,0.7555951476097107,True,503.0,,
myaucardisco.shop,jpcert,0.9695984721183777,False,,,
syjjryu.cn,jpcert,0.9524276256561279,False,,,
94462-coinbase.com,phishtank,0.948784589767456,True,503.0,,
utjxubf.com,jpcert,0.9679079055786133,False,,,
xt26za.cn,jpcert,0.9480412006378174,True,503.0,,
pbdrgzy.top,certificates,0.9782604575157166,False,,,
dyyuqpq.cn,certificates,0.9606625437736511,False,,,
heiheqy.com,certificates,0.8588184714317322,False,,,
avcct.com,jpcert,0.7158649563789368,True,,,
dysiv.cn,jpcert,0.9830901622772217,True,503.0,,
ybqln.cn,phishtank,0.9640609622001648,True,503.0,,
medyumsonerankara.com,jpcert,0.962653636932373,False,,,
smmlq.asia,jpcert,0.9359658360481262,False,,,
vpujexxkzyaw.top,certificates,0.8033572435379028,False,,,
mucunwy.com,certificates,0.9839054942131042,True,503.0,,
7vwchhyw2.top,jpcert,0.9880940318107605,False,,,
lonestargsd.com,certificates,0.9264723658561707,True,503.0,,
fasjabwt.top,jpcert,0.9716998338699341,False,,,
xanskzc.com,certificates,0.9701026082038879,True,520.0,,
dauqueluocngonb.icu,certificates,0.9199309945106506,False,,,
krambol.com,jpcert,0.82860267162323,False,,,
alumnicdi.com,certificates,0.9378076791763306,True,503.0,,
rkvllou.cn,certificates,0.9844679236412048,False,,,
uaawp.cn,jpcert,0.9001057147979736,False,,,
jr-d0uek1ceik-we0hoputtne.tokyo,jpcert,0.9819709658622742,False,,,
ilmwab.cyou,certificates,0.7997708916664124,False,,,
kmgbbxg.com,certificates,0.9589558243751526,False,,,
kikkqzzxy.co,certificates,0.9617864489555359,False,,,
uhbfogf.com,jpcert,0.950147271156311,False,,,
futurefitnessplus.com,certificates,0.9398400187492371,True,503.0,,
ubila.cn,phishtank,0.9863925576210022,True,503.0,,
aezod.com,certificates,0.9660845994949341,False,,,
chauette.com,certificates,0.7648518085479736,False,,,
onitcv.cn,jpcert,0.9642848372459412,False,,,
dogwog.com,certificates,0.8974018096923828,False,,,
daubapchienngonb.icu,certificates,0.8416077494621277,False,,,
dinapkas.com,certificates,0.9544676542282104,False,,,
aoem.shop,certificates,0.7217931747436523,False,,,
rocherducerf.com,certificates,0.766840934753418,False,,,
hldrg.com,certificates,0.9184702038764954,True,200.0,unknown,contact
canhmongtoingonb.icu,certificates,0.8177742958068848,False,,,
eu2wf43wu.top,jpcert,0.8325695991516113,False,,,
gfgnlctgmwtsq41.bond,certificates,0.9829922318458557,False,,,
dinainxaf.com,jpcert,0.9530755877494812,False,,,
gdsaygx.sbs,jpcert,0.9851900935173035,False,,,
yvjxaetc.com,certificates,0.9613012671470642,False,,,
myworkout.cn,certificates,0.8891444802284241,False,,,
sukumaransgroup.com,phishtank,0.9803327322006226,False,,,
iynjxmklax.com,jpcert,0.9825589656829834,False,,,
gkzs178.com,certificates,0.9366376996040344,True,503.0,,
crazyrugbychicks.com,certificates,0.9761844873428345,False,,,
ijkkhyxyoiuiut.top,jpcert,0.9742993116378784,False,,,
bjp456.com,certificates,0.9450544714927673,False,,,
firefightersvote.com,jpcert,0.803567111492157,False,,,
kuichbsjg.com,phishtank,0.8112900853157043,False,,,
myaupaycardfsco.shop,jpcert,0.7835206389427185,False,,,
mfgnub-web1kower.cyou,certificates,0.9280307292938232,False,,,
jcbauction.cc,certificates,0.9227985739707947,False,,,
xamwjxjg.com,jpcert,0.988563060760498,True,404.0,,
my-dcood.tokyo,jpcert,0.7929808497428894,False,,,
ayiws.com,certificates,0.7342415452003479,False,,,
gdxcdz.com,certificates,0.9458223581314087,True,503.0,,
_.r63sk.cn,jpcert,0.9660375118255615,False,,,
eki.qiqihaerljbfz.co,jpcert,0.944283127784729,False,,,
0hsgfd.lat,phishtank,0.7979528903961182,False,,,
autoconsulting.cn,certificates,0.8026344776153564,False,,,
1sa7diov1ad6o.xyz,jpcert,0.7986524105072021,False,,,
xau-pay.com,jpcert,0.9816499352455139,False,,,
qunxyba.com,jpcert,0.9792479276657104,False,,,
checkinsurance.org.in,phishtank,0.8817663192749023,False,,,
cpqhuuygkdnqns.top,jpcert,0.9876799583435059,False,,,
iihaokw.com,certificates,0.8861584663391113,False,,,
csveav.cn,jpcert,0.9682915806770325,True,503.0,,
xylnan.cn,jpcert,0.7481822371482849,True,503.0,,
beishiai.com,certificates,0.8138800263404846,False,,,
usebiolink.com,phishtank,0.9823289513587952,True,503.0,,
rfvbjlar.top,jpcert,0.9868626594543457,False,,,
jmbpp.cn,phishtank,0.9640609622001648,True,503.0,,
b2b.retrojeans.info,phishtank,0.9801648855209351,True,503.0,,
nutgrass.cn,jpcert,0.9643359780311584,True,503.0,,
yenib356.top,phishtank,0.8418618440628052,True,503.0,,
oosyrroqcbkm.top,certificates,0.7505425214767456,False,,,
fruvx.cn,jpcert,0.957789957523346,True,503.0,,
evriserve6.today,phishtank,0.7421597838401794,True,503.0,,
aeozh.com,certificates,0.9091418385505676,True,503.0,,
lowickvineyard.com,jpcert,0.852230429649353,False,,,
negativepole.cn,jpcert,0.7684577703475952,True,403.0,,
yk1xtj.top,phishtank,0.9390949010848999,False,,,
pkmrriug.com,certificates,0.9832122921943665,True,503.0,,
cdsdz.com,jpcert,0.9466197490692139,True,503.0,,
mmgeorgia.com,jpcert,0.9563276767730713,False,,,
fyhzj.com,certificates,0.9742453694343567,True,502.0,,
proclean1000.com,jpcert,0.7198152542114258,False,,,
thedfghoolsdclub.co.kr,jpcert,0.9866353869438171,False,,,
qdplwls.com,certificates,0.9831063747406006,False,,,
goodstuffgab.com,certificates,0.9738628268241882,False,,,
kuronekoyamcdato.top,jpcert,0.829990029335022,False,,,
bgmka.cn,jpcert,0.9676441550254822,False,,,
44uyu.com,jpcert,0.9053047299385071,False,,,
allergandirect.cn,certificates,0.8200567364692688,False,,,
titanopen.com,certificates,0.9198073148727417,False,,,
mysjcbjps3.com,certificates,0.9806274771690369,False,,,
yffx.cn,certificates,0.9656633138656616,False,,,
beneficiosparaprodutoseletronicos.online,phishtank,0.9859236478805542,False,,,
uthxobw.com,certificates,0.9808140993118286,False,,,
xlm968.com,jpcert,0.9673184752464294,True,,,
rhfwevp.com,jpcert,0.8667105436325073,False,,,
lsfs0769.com,certificates,0.9411225914955139,False,,,
oghpah.cn,jpcert,0.9640081524848938,False,,,
tomxaobotoingon.icu,certificates,0.8412598967552185,False,,,
zhtnp.cn,phishtank,0.9640609622001648,False,,,
klusgmanb.com,certificates,0.9194656610488892,True,,,
iosmaksfdmao.com,jpcert,0.8080211877822876,False,,,
tax-rebate-claim.co.uk,jpcert,0.9826456308364868,False,,,
tukofertas.com.br,phishtank,0.9246032238006592,True,503.0,,
xcwn.asia,jpcert,0.8552330136299133,False,,,
mhsapp.com,certificates,0.9780062437057495,True,200.0,True,about us|contact|privacy policy|copyright|company
rostamifar.za.com,phishtank,0.9851725101470947,False,,,
eng.kurskmed.com,phishtank,0.972264289855957,True,503.0,,
gzqkys.com,certificates,0.9615485072135925,True,,,
paypay-ne-jp.info,jpcert,0.7319357991218567,False,,,
yeweikongzhi.com,certificates,0.9505857825279236,True,503.0,,
jmdongxin.com,certificates,0.9886870384216309,True,503.0,,
140hgb.cn,jpcert,0.9824208617210388,False,,,
haltngo.com,certificates,0.7094342112541199,False,,,
jabproperty.co.jp,jpcert,0.70030677318573,False,,,
telegooe-gysj.top,certificates,0.7325856685638428,False,,,
unobet25.com,certificates,0.96443772315979,True,503.0,,
jh9wxe.cn,jpcert,0.9066029787063599,True,503.0,,
heritageatwestoverhills.com,jpcert,0.8735844492912292,False,,,
saison-card.cloud,jpcert,0.9742180705070496,False,,,
highwaytoll-407.com,phishtank,0.877747118473053,False,,,
etlgx.cn,jpcert,0.9676441550254822,True,503.0,,
kotxz.cn,jpcert,0.9608554244041443,True,503.0,,
vqdcpmlj.vip,phishtank,0.9376254081726074,True,503.0,,
hzdol.cn,jpcert,0.9856064915657043,False,,,
citicforward.com,certificates,0.8721482753753662,True,503.0,,
htfmh.com,certificates,0.9732813835144043,False,,,
vponesservesa.shop,jpcert,0.9575819969177246,False,,,
topoisomer.cn,jpcert,0.7555463910102844,False,,,
yayizhijia.net,jpcert,0.9421390295028687,False,,,
muxytnqwe.click,certificates,0.9719918966293335,False,,,
zh6twk.top,phishtank,0.9390949010848999,False,,,
bdnoyl.beauty,certificates,0.970608115196228,False,,,
b4nfco8c5.top,jpcert,0.9147432446479797,False,,,
karoneikoyamota.online,certificates,0.9653801321983337,False,,,
evriserve3.today,phishtank,0.7421597838401794,True,503.0,,
limbergerpsicologoonline.com.br,jpcert,0.9709492325782776,False,,,
mediaevent.az,phishtank,0.9659721255302429,True,503.0,,
segalsin.com,jpcert,0.8307884335517883,False,,,
jhfsz.com,certificates,0.9879030585289001,False,,,
stormpetrel.cn,jpcert,0.8889318704605103,True,503.0,,
Dinapkw.cOm,certificates,0.9804619550704956,False,,,
jcbzltd.com,jpcert,0.9774622917175293,True,503.0,,
szzsgy.com,phishtank,0.9787346124649048,False,,,
kitsunecases.com,certificates,0.8981886506080627,False,,,
555xx.xyz,jpcert,0.9863880276679993,False,,,
gfsewqafaqq.com,jpcert,0.8928408026695251,False,,,
automotiveclick.com,certificates,0.9780660271644592,True,503.0,,
hwvq30g6r8baot.top,certificates,0.9451873898506165,False,,,
uaamun.info,jpcert,0.93509840965271,False,,,
efjk60kk35gjr.xyz,jpcert,0.9790894389152527,True,503.0,,
akinqh.cn,jpcert,0.9640081524848938,True,503.0,,
qiao5.cn,jpcert,0.9562501907348633,True,503.0,,
wulaimaoya.com,jpcert,0.7008359432220459,False,,,
hwlwc.cn,phishtank,0.9469237327575684,True,503.0,,
olivette.cn,jpcert,0.7340971827507019,True,503.0,,
bntbfvigt.xyz,phishtank,0.87106853723526,False,,,
gfiwpqfodaqqv.com,jpcert,0.9385874271392822,False,,,
aifulti.icu,jpcert,0.7045016884803772,False,,,
moveaupayisco.shop,jpcert,0.9750980734825134,False,,,
ufgudkydgcgk.xyz,jpcert,0.9251492023468018,False,,,
hairong119.com.cn,jpcert,0.9558878540992737,True,503.0,,
amhqj.top,certificates,0.9834770560264587,False,,,
jcbtravel.top,certificates,0.9862862229347229,False,,,
yipf2a.cn,phishtank,0.9796079397201538,True,503.0,,
sundaypublishingcompany.com,jpcert,0.984222948551178,True,503.0,,
evriserve4.today,phishtank,0.7421597838401794,True,503.0,,
yardman.cn,jpcert,0.9642630219459534,True,503.0,,
ystst.com,certificates,0.98521888256073,False,,,
uxsxn.cn,jpcert,0.942952036857605,True,503.0,,
vpass-jpsmbc.com,jpcert,0.9802707433700562,False,,,
rakuten2.com,certificates,0.9043818116188049,False,,,
shjunheng.com,certificates,0.9405856132507324,True,404.0,,
bmsdyug.com,jpcert,0.8178526163101196,False,,,
777611.cc,jpcert,0.8527970314025879,True,503.0,,
renmito.com,certificates,0.9756433367729187,False,,,
hongpinbs.com,certificates,0.8984959721565247,False,,,
cs.moniey.com,phishtank,0.9576670527458191,True,,,
p-j.top,jpcert,0.952019989490509,False,,,
ioschslcxihp.xyz,jpcert,0.8063311576843262,False,,,
ELECTisg.cOM,certificates,0.9654680490493774,False,,,
hamandenos.com,certificates,0.7780362367630005,False,,,
qbqfb.top,jpcert,0.9875413775444031,False,,,
utbsmart.com,certificates,0.9851859211921692,False,,,
jcxgg.cn,phishtank,0.9469237327575684,True,503.0,,
jaronchidiacmusic.com,certificates,0.9321576356887817,False,,,
nztherw.baby,certificates,0.985672116279602,False,,,
viewsnet-shotsive.hfaq.cn,jpcert,0.979953408241272,True,503.0,,
tinfrniwjf.com,jpcert,0.9709747433662415,False,,,
njjvla.asia,jpcert,0.9811805486679077,False,,,
jpoint-cuvsije2-jp.sbs,certificates,0.823646068572998,False,,,
redagate.cn,jpcert,0.7340971827507019,True,503.0,,
killvampire.com,certificates,0.9216925501823425,False,,,
jcbcordserverjp.shop,jpcert,0.8806784749031067,False,,,
jcbhelp.com,jpcert,0.9838828444480896,False,,,
ftuukhpv.ne.pw,certificates,0.9627548456192017,False,,,
colorkeymedia.com,jpcert,0.7305605411529541,False,,,
icfang.com,certificates,0.9411978125572205,False,,,
vetweblogic.com,certificates,0.9335081577301025,False,,,
jibunbankjsa.jp,certificates,0.987179696559906,False,,,
vuzbuona.com,certificates,0.9298042058944702,False,,,
dsprme.org,jpcert,0.724597156047821,False,,,
rewfiash.com,certificates,0.9614830613136292,False,,,
eposclubs.com,certificates,0.9621128439903259,False,,,
noxvubrlulqy.top,certificates,0.8771235346794128,False,,,
hli4hmq.top,certificates,0.8347894549369812,False,,,
wck-telegram-f.org,certificates,0.8808457851409912,False,,,
opdfn.cn,jpcert,0.9146524667739868,False,,,
yilaiwine.com,certificates,0.9876977801322937,False,,,
2vtilb.cn,jpcert,0.9879779815673828,False,,,
htzdn.cn,phishtank,0.9640609622001648,True,,,
myaupaycardto.shop,jpcert,0.9851067066192627,False,,,
q1etmubki7mti0.top,jpcert,0.7939951419830322,False,,,
l7riwh.top,phishtank,0.7834271192550659,False,,,
jzsmy.com,certificates,0.9812322854995728,True,,,
cpowm.asia,jpcert,0.8310071229934692,False,,,
giannarapavar.xyz,jpcert,0.9839449524879456,False,,,
gdyda.com,certificates,0.8457316756248474,True,503.0,,
teamcanadyracing.com,jpcert,0.8677263259887695,False,,,
sdwyzc.com,certificates,0.9822694063186646,True,403.0,,
expy-jp.tokyo,jpcert,0.8990097641944885,False,,,
hnmtzp.com,certificates,0.9822694063186646,True,404.0,,
allegrostroes.cc,phishtank,0.9595599174499512,False,,,
tres-813.tk,jpcert,0.9753615856170654,False,,,
mignonette.cn,jpcert,0.7765151858329773,True,503.0,,
yusayd.bond,jpcert,0.9819038510322571,False,,,
naughtagency.com,phishtank,0.7273076772689819,False,,,
secureverifynow.cc,phishtank,0.9470807909965515,False,,,
cnlongliang.com,certificates,0.9795742034912109,True,,,
jsgqueyj.com,certificates,0.973747968673706,False,,,
jyqfhl.com,jpcert,0.9452903866767883,True,,,
exploreredbull.com,jpcert,0.9757214188575745,True,403.0,,
offiyouareneutral.top,jpcert,0.9631272554397583,False,,,
ybrjaonjsa.com,jpcert,0.9256570935249329,False,,,
6pvb0z.cn,jpcert,0.8705088496208191,False,,,
rockmaple.cn,jpcert,0.8891444802284241,False,,,
yunaxmg.cn,certificates,0.9733461737632751,True,503.0,,
alsofayan.com,jpcert,0.8841982483863831,False,,,
demondathompson.com,certificates,0.8276035785675049,False,,,
smbcs-card.vip,certificates,0.9140147566795349,False,,,
mucgmo.cn,jpcert,0.9682915806770325,True,503.0,,
amdwo.buzz,certificates,0.7506788969039917,False,,,
uligent.com,jpcert,0.9534832239151001,True,503.0,,
cy2020.net,jpcert,0.9870352149009705,True,503.0,,
kensbooks.com,certificates,0.8966543674468994,True,503.0,,
ahlzhu.com,certificates,0.9776337742805481,False,,,
iqsic.com,certificates,0.8239161372184753,False,,,
cottagerentalsniagarafalls.com,certificates,0.9070398807525635,False,,,
exsear.com,jpcert,0.9705880284309387,False,,,
7dermatologydrs.com,certificates,0.9871172308921814,False,,,
imhad.cn,certificates,0.9793750643730164,False,,,
xpzn.shop,phishtank,0.7538732886314392,False,,,
ttzl.cc,jpcert,0.9639304876327515,False,,,
specta.cn,jpcert,0.9565486311912537,False,,,
cdyimei.com,certificates,0.9560501575469971,True,503.0,,
wf-stop3.com,jpcert,0.8445728421211243,False,,,
mytrezordiagnostic.com,phishtank,0.9830961227416992,False,,,
opepcctw.com,jpcert,0.7489676475524902,False,,,
chaeta.cn,jpcert,0.8738524913787842,True,503.0,,
abo-leparisien.com,phishtank,0.9855877161026001,True,503.0,,
4yttfwd.xyz,phishtank,0.9568467140197754,False,,,
cuwiscc.cn,certificates,0.9718073606491089,False,,,
lvluoshuo.com,jpcert,0.9424525499343872,False,,,
utwhe.com,phishtank,0.9794648289680481,False,,,
ahsiwei.com,certificates,0.8493137955665588,True,503.0,,
sicherheit-volks-bank-check.xyz,phishtank,0.7819758653640747,False,,,
u5198vmbp.top,jpcert,0.7496592402458191,False,,,
teieargmx.org,phishtank,0.9874871969223022,False,,,
yzsz88.com,certificates,0.9676896929740906,True,503.0,,
mofr0pf2t2gc4s.top,jpcert,0.8939197063446045,False,,,
paddymelon.cn,jpcert,0.8758820295333862,True,503.0,,
arz487.com,phishtank,0.7837863564491272,False,,,
vpasmmsb.shop,certificates,0.9278254508972168,False,,,
eki.liuzhouxqasgq.co,jpcert,0.7457568049430847,False,,,
smbc-carda.club,phishtank,0.9155348539352417,True,503.0,,
tccmaettr8450.com,phishtank,0.7576239705085754,False,,,
gxbnxqouvlss.xyz,jpcert,0.9218700528144836,False,,,
gaifang8.cn,certificates,0.8406795263290405,False,,,
xxfmr.com,certificates,0.9552257061004639,True,200.0,unknown,
netbkn.com,certificates,0.7941744923591614,False,,,
hfhtwk.cn,jpcert,0.9326324462890625,True,503.0,,
ruitorquato.com.br,jpcert,0.9877968430519104,False,,,
armoredseats.com,certificates,0.8923605680465698,False,,,
emilysight.com,certificates,0.8090593218803406,False,,,
canamtuner.com,certificates,0.9227123856544495,False,,,
ablal.cn,jpcert,0.9556133151054382,True,503.0,,
djye4vq.top,certificates,0.8658697009086609,False,,,
sqxqwxrmzf.com,jpcert,0.9826292991638184,False,,,
aeon-card.icu,certificates,0.7001986503601074,False,,,
tiyolog.com,certificates,0.8058944940567017,True,503.0,,
bg326.top,jpcert,0.9654088020324707,False,,,
iunjeapq.com,jpcert,0.7563726305961609,False,,,
drfgk532.com,certificates,0.9484211802482605,True,200.0,unknown,
yqlsjsbj.com,certificates,0.9622469544410706,True,503.0,,
bangnuow.cn,certificates,0.949817419052124,True,,,
bauschus.com,certificates,0.7451562285423279,False,,,
jmbf.cn,jpcert,0.9489849805831909,True,503.0,,
irjonyc.top,certificates,0.9758342504501343,False,,,
akrammillstore.com,phishtank,0.9871747493743896,True,503.0,,
278787.com,jpcert,0.9056792855262756,True,503.0,,
mufgcy.com,certificates,0.9434864521026611,False,,,
res.nu,jpcert,0.8132858872413635,True,200.0,unknown,
qymncv.cn,jpcert,0.9884566068649292,True,503.0,,
damagazelle.cn,jpcert,0.7783454060554504,True,503.0,,
cthsjac.top,certificates,0.8224965929985046,False,,,
vvvw-b1tbanlk.cc,certificates,0.9560896158218384,False,,,
amaexm.help,certificates,0.9715341925621033,False,,,
anneam.icu,certificates,0.7324866056442261,False,,,
ianumox.com,jpcert,0.9479639530181885,False,,,
gneeqy.cn,certificates,0.9684031009674072,False,,,
evriserves4.today,phishtank,0.8156779408454895,True,503.0,,
zoommeetinginvites.com,phishtank,0.9598515033721924,False,,,
dnwrvaq.top,jpcert,0.8914768099784851,False,,,
79qta.cn,jpcert,0.9383562207221985,True,503.0,,
thelottocashclub.com,jpcert,0.980614423751831,False,,,
kigsb.cn,jpcert,0.8869719505310059,False,,,
iunjeat.com,jpcert,0.8224421143531799,True,503.0,,
jpsmbc.life,certificates,0.9607642889022827,False,,,
hnorcuonline.online,phishtank,0.7015444040298462,False,,,
rest-amazon.xyz,jpcert,0.8879945874214172,False,,,
nrwang.cn,certificates,0.9887037873268127,False,,,
hrpost.shop,jpcert,0.868590235710144,False,,,
fgxyp.cn,phishtank,0.9787294864654541,True,503.0,,
it.lincunabolo.com,phishtank,0.9794504046440125,False,,,
rutesh.com,jpcert,0.893051028251648,True,503.0,,
vrlt5w.top,phishtank,0.9309467077255249,False,,,
crnmb.cn,phishtank,0.9469237327575684,True,503.0,,
chinayxjy.com,certificates,0.9887097477912903,True,403.0,,
hobfv.com,certificates,0.965340256690979,True,503.0,,
yingshanghuanjing.net,jpcert,0.8936043381690979,False,,,
cpphrk.cn,certificates,0.9884935021400452,False,,,
jyaxjz.com,certificates,0.9610790014266968,True,404.0,,
hduy.pages.dev,phishtank,0.9873283505439758,True,503.0,,
lp.constantcontactpages.com,phishtank,0.8787299394607544,True,403.0,,
noskillearn.com,certificates,0.7164036631584167,False,,,
hh99206.com,jpcert,0.9673736691474915,False,,,
aiful001projp.sbs,jpcert,0.7634732127189636,False,,,
tscubic.xyz,certificates,0.7252207398414612,False,,,
ocggygvaalmc.top,certificates,0.9799233078956604,False,,,
jfnsuyafshiqi.com,certificates,0.9224302172660828,False,,,
oiehqk.cn,jpcert,0.861884593963623,False,,,
vweiyu.com,certificates,0.9768170714378357,False,,,
yoularoid.com,jpcert,0.9699214100837708,False,,,
de3nlj.top,phishtank,0.7781373858451843,False,,,
plasmasphere.cn,jpcert,0.8473209738731384,True,503.0,,
camww.cfd,jpcert,0.867168664932251,False,,,
giftfactory.cn,jpcert,0.8889318704605103,True,503.0,,
2ecmz0zqhgamox.top,certificates,0.976897120475769,True,503.0,,
car24.com.cn,certificates,0.9173633456230164,False,,,
evriserve2.today,phishtank,0.7421597838401794,True,503.0,,
aryn.za.com,certificates,0.9469531178474426,False,,,
whaterf.com,jpcert,0.9508786797523499,False,,,
timwinterforiowa.com,jpcert,0.9616111516952515,False,,,
telegooe-uhsw.top,certificates,0.7634556293487549,False,,,
olvcdac.top,jpcert,0.8786418437957764,False,,,
diyimai.com.cn,jpcert,0.7712549567222595,True,503.0,,
jnhongyufu.com,jpcert,0.9735314249992371,False,,,
lifenet-seimei.asia,jpcert,0.9318510293960571,False,,,
wck-telegram-b.org,certificates,0.8808457851409912,False,,,
stsparts-pl.com,jpcert,0.7977932095527649,False,,,
rmqxj.cn,certificates,0.9866452813148499,False,,,
mai-l-co-mmufa-jp-am-bin-am-log-in.com,jpcert,0.7734915018081665,True,503.0,,
hpucev.cn,jpcert,0.9664144515991211,True,503.0,,
grsipix.cn,certificates,0.9695139527320862,True,503.0,,
saisanerves.shop,jpcert,0.910809338092804,False,,,
uccard-pagacy.joqen.cn,jpcert,0.983925461769104,True,503.0,,
dafoseo.com,phishtank,0.8813764452934265,True,503.0,,
gzssst.com,certificates,0.981278121471405,True,503.0,,
accountloginubl.top,certificates,0.8848491311073303,False,,,
ianuasd.com,certificates,0.9711307287216187,True,503.0,,
oczgvolwnkwu.top,certificates,0.94953453540802,False,,,
bdxcx.net,certificates,0.8649613261222839,False,,,
dgtongyuan.com,certificates,0.9253624081611633,False,,,
signtuition.co.kr,jpcert,0.9839552044868469,False,,,
telegooe-nkpq.top,certificates,0.7325856685638428,False,,,
cyanophyta.cn,jpcert,0.8505552411079407,True,503.0,,
simplemarketing.cn,certificates,0.9350661039352417,False,,,
aifulti.site,jpcert,0.9526991248130798,False,,,
novosibstanok.com,jpcert,0.9798070192337036,False,,,
usafemq.com,certificates,0.8923108577728271,False,,,
caphesuathietngona.icu,jpcert,0.8786848187446594,False,,,
706tax.com,certificates,0.983728289604187,False,,,
9kqtdr.top,phishtank,0.9297453761100769,True,503.0,,
vidicon.cn,jpcert,0.8157320022583008,False,,,
movejcbjapasco.shop,jpcert,0.7259026765823364,False,,,
cagbp.cn,jpcert,0.949699878692627,True,503.0,,
dxkolgfnf.cn,jpcert,0.9874769449234009,True,503.0,,
salmsaeotrxxwhli.com,certificates,0.8316528797149658,False,,,
kwhcool.com,jpcert,0.8752021789550781,False,,,
jaccs-officerule.lwbuj.cn,jpcert,0.9851727485656738,True,503.0,,
poutea.com,certificates,0.7683767080307007,True,503.0,,
rtpzmlr.cn,jpcert,0.9357030987739563,False,,,
hdwtks.cn,jpcert,0.9370874166488647,True,503.0,,
pxvxkx.cn,jpcert,0.9805208444595337,True,503.0,,
vixxfv.cn,jpcert,0.9202728271484375,False,,,
qai-games.com,jpcert,0.949769139289856,False,,,
theperfectgift.cn,certificates,0.9207346439361572,False,,,
uccard-endoose.bywim.cn,jpcert,0.9878084659576416,True,503.0,,
ybrsinfs.com,jpcert,0.8725622892379761,True,503.0,,
pposfubf.com,phishtank,0.944538414478302,False,,,
bibelscout.com,jpcert,0.9644771218299866,False,,,
emngmr.cn,jpcert,0.9678487181663513,True,503.0,,
focusl.cn,jpcert,0.9024233222007751,False,,,
stsgsc.cn,jpcert,0.9769278764724731,True,503.0,,
sanjingjiusa.com,certificates,0.7726204991340637,True,503.0,,
kloipmhg.sbs,jpcert,0.9021016359329224,True,503.0,,
riverscape.cn,jpcert,0.7534140348434448,True,503.0,,
rtegfswqazxbnhjv.com,jpcert,0.9543138742446899,False,,,
ehnrv.cn,jpcert,0.9583393931388855,True,503.0,,
cheapr.cn,certificates,0.9702560901641846,False,,,
coluclacngontuyetc.icu,certificates,0.7267187237739563,True,503.0,,
aiblacksmith.cn,jpcert,0.8242528438568115,True,503.0,,
xinmeipipe.com,certificates,0.9805632829666138,True,403.0,,
itdongli.com,certificates,0.9692284464836121,True,503.0,,
tubbqeq.com,certificates,0.9501783847808838,False,,,
vbnja.cn,jpcert,0.9854146242141724,True,503.0,,
ahsgnd.wiki,jpcert,0.7620747685432434,False,,,
hshlz.cn,phishtank,0.9640609622001648,True,503.0,,
bj-fnht.com,jpcert,0.9745611548423767,True,503.0,,
coworking.jpn.com,jpcert,0.985929548740387,True,503.0,,
guanwenedu.com,certificates,0.9631403684616089,True,503.0,,
jxgxb.com,certificates,0.9737130403518677,True,200.0,True,about us|contact|copyright
ihbainf.com,jpcert,0.9285932779312134,False,,,
magnetoshere.cn,jpcert,0.8059162497520447,True,503.0,,
guwohvw.icu,certificates,0.9571266174316406,True,503.0,,
vxmurn.cn,jpcert,0.7840992212295532,True,503.0,,
my-sotllbend.top,certificates,0.8463621735572815,False,,,
fuerkai.com,certificates,0.9477840065956116,True,200.0,unknown,
fcxpr.cn,phishtank,0.9640609622001648,True,503.0,,
fffffg.cn,phishtank,0.9506615400314331,True,503.0,,
lcxivxv.cn,jpcert,0.986850380897522,True,503.0,,
mufg-ezyww.net,certificates,0.7768378853797913,False,,,
_.dragongadgets.com,jpcert,0.9478134512901306,True,503.0,,
cdoqr.cn,jpcert,0.9247364401817322,True,503.0,,
yvjxaama.com,certificates,0.9574623107910156,False,,,
51debiao.com,jpcert,0.8323327302932739,True,503.0,,
rjvxpziruu.com,certificates,0.9856405258178711,False,,,
aeon-com.top,phishtank,0.7493423223495483,False,,,
viewsnet-bolics.usvzw.cn,jpcert,0.983751118183136,True,503.0,,
katrinathomas.shop,certificates,0.9429433345794678,False,,,
1ppb4jp9.top,phishtank,0.7890864610671997,False,,,
smbc-cardthr.xyz,phishtank,0.984657347202301,False,,,
hebijunlong.com,certificates,0.9693105220794678,True,503.0,,
utwss.com,phishtank,0.987967312335968,False,,,
aifulti.store,jpcert,0.906785786151886,False,,,
jgyxz.com,certificates,0.9055201411247253,True,503.0,,
9nmy7pd7.top,phishtank,0.8659623861312866,False,,,
salescoach.cn,certificates,0.7765151858329773,False,,,
tinfrnoqd.com,jpcert,0.9679619669914246,True,503.0,,
ongiz5.cn,jpcert,0.976706862449646,False,,,
idlzrnp.cn,jpcert,0.9849998950958252,True,503.0,,
sindoor.cn,jpcert,0.8037957549095154,True,403.0,,
sistrum.cn,jpcert,0.9657911658287048,True,503.0,,
rkn.email,jpcert,0.9737921953201294,True,200.0,unknown,
amexjapancheck.click,certificates,0.7956042885780334,False,,,
lanqingcanyin2.com,jpcert,0.7343266010284424,True,503.0,,
malanga.cn,jpcert,0.8020293712615967,True,503.0,,
fshitnl-kxi-7.gq,jpcert,0.9885525703430176,False,,,
doodlubomx.com,certificates,0.9459118247032166,False,,,
5h2uxf7w.com,jpcert,0.9751183986663818,False,,,
host9-rakanten.com,jpcert,0.9524264335632324,False,,,
jp-netflix.info,certificates,0.8206440806388855,False,,,
kvturonline.com,certificates,0.9426724314689636,False,,,
secure-oliineess.0hi.me,phishtank,0.7728787064552307,True,503.0,,
beidoukeji.com,certificates,0.9809694290161133,True,,,
diandfhbayj.com,certificates,0.920644223690033,True,503.0,,
smbc-cardnm.work,phishtank,0.9228304624557495,True,503.0,,
kuronekoyamswato.top,jpcert,0.829990029335022,False,,,
my-jcb.co,jpcert,0.764959454536438,False,,,
qbtokn.xyz,certificates,0.8854209184646606,False,,,
my-saftbonk.club,certificates,0.9678469300270081,False,,,
pengchengwan.com,certificates,0.9847484230995178,True,403.0,,
chesterfieldtutor.com,certificates,0.834186851978302,False,,,
huifuguo.com,certificates,0.979699432849884,False,,,
7u8rr.xyz,certificates,0.9817075729370117,False,,,
olicordserves.shop,jpcert,0.9859927892684937,False,,,
rbokbjim.com,certificates,0.9394877552986145,False,,,
luyangfood.com,jpcert,0.9697017073631287,False,,,
ruby-gemstone.com,certificates,0.7725417017936707,False,,,
mnzwoup.ml,jpcert,0.9809392690658569,False,,,
tanahkuyangkucintai.com,jpcert,0.9878119826316833,False,,,
byteminr.com,certificates,0.9003394842147827,True,503.0,,
amaibfudsdfzz.com,certificates,0.9842645525932312,True,503.0,,
smerst.sbs,phishtank,0.9153801798820496,False,,,
apartmani-kraljic.com,certificates,0.8252623081207275,False,,,
ffnnj.com,phishtank,0.8501057624816895,False,,,
infrasound.cn,jpcert,0.7504746317863464,True,503.0,,
pauleenluna.com,certificates,0.9043291807174683,True,503.0,,
l2y.top,certificates,0.8855389952659607,True,503.0,,
jkkqnqw.cn,certificates,0.987359344959259,False,,,
mosmbcfirmoutco.shop,jpcert,0.7997596859931946,False,,,
qiiytgr.autos,certificates,0.8208354711532593,False,,,
tenpounder.cn,jpcert,0.7740285396575928,True,403.0,,
help.ezpasdk.win,phishtank,0.975180983543396,False,,,
kcoduifh-dfhdfgf.icu,jpcert,0.9748654365539551,False,,,
hawkeagle.cn,jpcert,0.800550103187561,True,503.0,,
scandinavian.cn,certificates,0.7873782515525818,True,403.0,,
tronlink.bet,phishtank,0.9841444492340088,True,503.0,,
shoaoqns.com,jpcert,0.8843756318092346,False,,,
opesin.com,certificates,0.8869823217391968,True,503.0,,
seaholly.cn,jpcert,0.8893435597419739,False,,,
huryhds.top,jpcert,0.8178526163101196,False,,,
vortexcloud.asia,jpcert,0.862410306930542,False,,,
wlaijiaju.com,certificates,0.9657662510871887,True,503.0,,
rmk.pages.dev,phishtank,0.9880746006965637,True,503.0,,
bzryufy.cn,jpcert,0.9353285431861877,False,,,
gehgsehsenhssfaef.xyz,certificates,0.9430265426635742,False,,,
bjdtys.com,certificates,0.9883516430854797,True,,,
us.flhsmvws.top,phishtank,0.9879176020622253,False,,,
nrsplant.com,jpcert,0.9772745370864868,False,,,
skype-in.net,certificates,0.8033509850502014,False,,,
wireframes.cn,certificates,0.8865111470222473,False,,,
my-sotflbenk.info,certificates,0.9027388691902161,False,,,
kjzl.cc,jpcert,0.9656633138656616,False,,,
gqequzjp.ne.pw,jpcert,0.959464430809021,False,,,
hfhtwd.cn,jpcert,0.9326324462890625,True,503.0,,
buscamagia.com,certificates,0.9399455785751343,False,,,
lapcbz.com,certificates,0.9496864676475525,True,200.0,unknown,
knxjh.cn,phishtank,0.9640609622001648,True,503.0,,
bitflyer.fund,certificates,0.9626118540763855,False,,,
gdupnk.ink,jpcert,0.9813286066055298,False,,,
4musicminds.com,certificates,0.9858184456825256,True,503.0,,
caon2imabijcb.cyou,jpcert,0.8576065301895142,False,,,
aifulmu.co,jpcert,0.780635416507721,False,,,
myjcbjapaoutco.shop,jpcert,0.7545080184936523,False,,,
cyprusexamine.top,certificates,0.9596059918403625,False,,,
disneyedu.com,jpcert,0.919436514377594,False,,,
sampyoem.com,certificates,0.955184280872345,False,,,
mtift.com,certificates,0.722160279750824,True,503.0,,
horrnbunny.com,certificates,0.7524781227111816,False,,,
whatere.com,certificates,0.9297484755516052,True,503.0,,
epxoisf.com,certificates,0.9491335153579712,False,,,
nlboelyzzddugs.top,jpcert,0.956667959690094,False,,,
viciie.jp,jpcert,0.7142705917358398,True,503.0,,
sluk.cn,jpcert,0.9005005359649658,True,503.0,,
amazomjpcojpco.online,certificates,0.8335692882537842,False,,,
wgsan.cn,jpcert,0.9882885217666626,False,,,
y4yku.com,phishtank,0.9868009090423584,True,503.0,,
speccy.cn,jpcert,0.7538504600524902,True,503.0,,
thsjzx.com,certificates,0.9851395487785339,True,503.0,,
kyufukin-soumo-go-jp.xyz,jpcert,0.9673818349838257,False,,,
junqingnet.com,certificates,0.9841549396514893,True,403.0,,
jaffsdyechem.com,certificates,0.9256212115287781,True,200.0,,
kovanga.com,certificates,0.8761207461357117,False,,,
anlongjx.com,certificates,0.9834563136100769,False,,,
zhangga1129.com,jpcert,0.7783957719802856,True,503.0,,
jjugnr33.shop,jpcert,0.9865865707397461,False,,,
53capeandover.com,certificates,0.9309390783309937,False,,,
fourierchain.com,jpcert,0.9867030382156372,True,503.0,,
jmiftbuzke.com,certificates,0.9643304944038391,False,,,
kuronekoyamevato.top,jpcert,0.8999059200286865,False,,,
azixp4na6akdit.top,certificates,0.887904942035675,False,,,
fpsnk.cn,phishtank,0.9640609622001648,False,,,
naokhkhdikuoayj.com,phishtank,0.8086215257644653,False,,,
toaitpfxxplg.xyz,jpcert,0.7900740504264832,False,,,
uccardsjp.icu,jpcert,0.7516771554946899,False,,,
puyuchemical.com,certificates,0.9763948917388916,True,,,
wangycorangex3190.top,jpcert,0.9825473427772522,False,,,
wangshuting.xyz,jpcert,0.7540470957756042,False,,,
rinall.top,jpcert,0.7231885194778442,False,,,
tfyj.cn,jpcert,0.9809027910232544,True,503.0,,
gheqfsu.top,jpcert,0.9728752374649048,False,,,
biotope.cn,certificates,0.8913922309875488,True,503.0,,
sjltg.cn,phishtank,0.9787294864654541,True,503.0,,
roofscape.cn,jpcert,0.7440756559371948,True,403.0,,
pqndc.cn,phishtank,0.9469237327575684,True,503.0,,
chedodenngona.icu,certificates,0.9193474650382996,False,,,
sueturnermusic.com,jpcert,0.8363290429115295,True,503.0,,
changeforautism.com,certificates,0.8262863159179688,False,,,
uccardservsc.shop,jpcert,0.8595011234283447,False,,,
iocbank.com,certificates,0.9157819747924805,False,,,
flowerxp.com,jpcert,0.949787974357605,True,200.0,True,about us|contact|privacy policy|copyright|company
xsl518.com,certificates,0.9842476844787598,True,503.0,,
kensensi.com,certificates,0.8935531377792358,True,503.0,,
cpwaigua.com,jpcert,0.9850201606750488,False,,,
gbfco.cn,jpcert,0.9422385096549988,True,503.0,,
kusnm0adknm.co.uk,jpcert,0.9848712086677551,False,,,
xiaoshuozq.com,certificates,0.7300127148628235,False,,,
wiuakyp.cn,certificates,0.9430969953536987,True,503.0,,
meikacoriadmy01.xyz,jpcert,0.7170067429542542,False,,,
olicordservesa.shop,jpcert,0.983283519744873,True,503.0,,
ruiguangheng.com,certificates,0.9717308878898621,True,503.0,,
vgydea.com,jpcert,0.9790492057800293,False,,,
lasenda.com.br,phishtank,0.8011162281036377,True,503.0,,
amtgi.top,certificates,0.9520549774169922,False,,,
guolishiye.com,certificates,0.967641294002533,True,200.0,unknown,
pxjiutai.cn,jpcert,0.8465734124183655,False,,,
myjabseraab.shop,jpcert,0.9637292623519897,False,,,
amdhm.buzz,certificates,0.8617925643920898,False,,,
yeand.buzz,certificates,0.981296718120575,False,,,
t654.cn,certificates,0.9058270454406738,False,,,
huanghang.cn,certificates,0.930234968662262,False,,,
rakuten661.com,jpcert,0.9480003714561462,False,,,
drhosack.com,jpcert,0.9308035373687744,True,503.0,,
aupaycardmrco.shop,jpcert,0.8476989269256592,False,,,
whlet.com,certificates,0.9144548773765564,False,,,
duckpaint.com,jpcert,0.9648650288581848,False,,,
jelqlodge.com,certificates,0.9600986838340759,False,,,
gztongda88.com,phishtank,0.7249636054039001,True,,,
qq6mfy.top,phishtank,0.9390949010848999,False,,,
vja.utatewq.top,phishtank,0.9774560332298279,True,503.0,,
rakutex.xyz,jpcert,0.980901300907135,False,,,
myvpassmerco.shop,jpcert,0.8561139106750488,False,,,
cyxszg.com,jpcert,0.9268926978111267,True,503.0,,
heibvvhubys.bond,certificates,0.8039114475250244,False,,,
vt376.cn,jpcert,0.9569017291069031,True,503.0,,
tepco-jp.cyou,certificates,0.9321058988571167,False,,,
idj464.com,certificates,0.9882376790046692,False,,,
bjboren.com,certificates,0.9089678525924683,True,503.0,,
bmsnafta.com,certificates,0.9348675608634949,True,503.0,,
razorshell.cn,jpcert,0.9009793400764465,False,,,
kuronekoyamsfato.top,jpcert,0.829990029335022,False,,,
enext.mn,jpcert,0.9845924973487854,True,503.0,,
mufg-z7tjp.net,certificates,0.9515721201896667,False,,,
mamamidnight.com,jpcert,0.9533331394195557,True,503.0,,
mfhgjkf.site,certificates,0.9665940999984741,False,,,
weifangshangjie.com,certificates,0.9485080242156982,True,503.0,,
emsigmatrd.com,certificates,0.9255029559135437,False,,,
attelmann.com,jpcert,0.8375424146652222,False,,,
ugvqsw.yachts,certificates,0.9141581654548645,False,,,
iynjxybsf.com,jpcert,0.9761422276496887,False,,,
yunniulive.com,jpcert,0.9612970948219299,True,503.0,,
cathunhatngonb.icu,certificates,0.8207979202270508,False,,,
amazmcow.com,certificates,0.9383615851402283,False,,,
epoastfmwpved8.top,jpcert,0.7441052198410034,False,,,
lurank.com,certificates,0.9196193814277649,False,,,
acsvfd.top,jpcert,0.9536051750183105,False,,,
cjcpw.cn,jpcert,0.9758147597312927,True,503.0,,
washchouxiangxiang0280.top,certificates,0.9385700821876526,False,,,
rectum.cn,jpcert,0.9664144515991211,True,503.0,,
fisxy.cn,jpcert,0.9608554244041443,True,503.0,,
blumdance.com,certificates,0.9424829483032227,False,,,
cdoux.cn,jpcert,0.9748867750167847,True,503.0,,
yqedmfntcomj.top,jpcert,0.8656598329544067,False,,,
tiliger.cn,jpcert,0.8018834590911865,False,,,
smbc-cardua.jp,jpcert,0.9124312996864319,True,503.0,,
fushappc.com,certificates,0.9748702049255371,True,403.0,,
suraxx.com,jpcert,0.9202436804771423,False,,,
464vdervb.top,jpcert,0.8087623715400696,False,,,
orwyz.cn,jpcert,0.9676441550254822,True,503.0,,
meikacoriadmy07.top,jpcert,0.8544440865516663,False,,,
oricajiechua.shop,jpcert,0.9747272729873657,False,,,
qrcodegenerator.cn,certificates,0.7430497407913208,False,,,
fenghuang2023.com,certificates,0.9038351774215698,False,,,
sainjumf.com,jpcert,0.8566921353340149,False,,,
aqarcode.com,certificates,0.8344652652740479,True,503.0,,
akiis.cn,certificates,0.8733985424041748,True,,,
8or9sf.cn,jpcert,0.7684215307235718,True,503.0,,
knglc.cn,phishtank,0.9469237327575684,True,503.0,,
calypso2.net,certificates,0.8299092054367065,True,200.0,unknown,
saisonfirmjpco.shop,jpcert,0.9875952005386353,False,,,
proage.cn,jpcert,0.8878679275512695,True,503.0,,
38gjmb.cn,jpcert,0.9878002405166626,True,503.0,,
xkqhv.cn,phishtank,0.8933837413787842,True,503.0,,
dompatr.icu,certificates,0.9569892287254333,False,,,
fonyobearing.com,certificates,0.9611670970916748,True,503.0,,
5fd5f1.cc,phishtank,0.9836376905441284,True,503.0,,
nhsfbristol.com,jpcert,0.9050435423851013,False,,,
uvwzx.cn,jpcert,0.9676441550254822,True,503.0,,
skyhightherapy.com,jpcert,0.7897027730941772,False,,,
datac-control.com,jpcert,0.9012521505355835,False,,,
hkbln.com,certificates,0.9461792707443237,False,,,
h-fleur.com,certificates,0.9098113179206848,False,,,
appcleca.com,certificates,0.9755639433860779,False,,,
bank-gmo-aozora.is,jpcert,0.9663737416267395,False,,,
irscryptocurrency1.com,phishtank,0.7243489027023315,False,,,
ml4ily.top,phishtank,0.8034130334854126,False,,,
tkwoubajs.com,certificates,0.9348439574241638,False,,,
qualitychesterfields.com,jpcert,0.707668662071228,False,,,
855680.cc,certificates,0.7919508814811707,False,,,
bingxintl.com,certificates,0.7779865264892578,True,503.0,,
kyufukio-soumo-go-jp.xyz,certificates,0.9654580354690552,False,,,
e8p8uxyi3.top,jpcert,0.8325695991516113,False,,,
sdsdedxsx5.shop,jpcert,0.9221275448799133,False,,,
fl.sunpassnem.cfd,phishtank,0.9868142604827881,False,,,
qunxpl.com,jpcert,0.9744479060173035,False,,,
rtjrtjt.xyz,certificates,0.9803984761238098,False,,,
xrtaijifu.com,certificates,0.9855276346206665,True,503.0,,
badbaddaisukiopai.cfd,jpcert,0.7102651000022888,False,,,
yqqnp.cn,phishtank,0.9469237327575684,True,503.0,,
guiranwang.cn,certificates,0.7476832270622253,True,503.0,,
robllox.com.pk,phishtank,0.9631933569908142,True,503.0,,
fengxiangtowel.com,certificates,0.9584401845932007,True,503.0,,
olooto.com,jpcert,0.9560018181800842,False,,,
yjakfasf.com,certificates,0.9679726958274841,False,,,
yiluyidaip2p.net,jpcert,0.9279277324676514,False,,,
hzgk5cg.top,certificates,0.9330561757087708,False,,,
cfilz.cn,jpcert,0.871255099773407,True,503.0,,
jbw5180.com,jpcert,0.9623533487319946,False,,,
esdamdh.com,certificates,0.9716642498970032,True,503.0,,
activityholidaysaustria.com,certificates,0.7659210562705994,False,,,
axpmp.cn,jpcert,0.9583393931388855,True,503.0,,
sftdwe.asia,jpcert,0.9457914233207703,False,,,
aifulc.co,jpcert,0.7857756614685059,False,,,
uqvau.cn,jpcert,0.9001057147979736,True,503.0,,
dqqjc.cn,phishtank,0.9469237327575684,True,503.0,,
myjcb-sign.com,jpcert,0.7416977882385254,True,503.0,,
tracybloom.co.uk,phishtank,0.7504278421401978,False,,,
wulumuqigyepv.co,certificates,0.7799780964851379,True,503.0,,
honkyservice.tk,jpcert,0.9433990120887756,False,,,
ghaodxnxmgwa.xyz,jpcert,0.7914733290672302,False,,,
csgo.zapbase.com,phishtank,0.960814356803894,True,503.0,,
myjcb-av.org,jpcert,0.7612726092338562,True,503.0,,
firmaupaycardco.shop,jpcert,0.985383152961731,False,,,
iodbi.cn,certificates,0.9001057147979736,False,,,
dowbko.cn,certificates,0.9640081524848938,False,,,
980015.cc,certificates,0.9640856981277466,True,503.0,,
rgdll.cn,phishtank,0.8279983997344971,True,503.0,,
dub33.com,jpcert,0.7914364337921143,False,,,
ertkukhj.com,jpcert,0.9840898513793945,False,,,
pbunited.com,jpcert,0.9675511121749878,False,,,
cathukhoxangona.icu,certificates,0.90388023853302,False,,,
uaqmke.cn,jpcert,0.9164451360702515,False,,,
tolwxizd.com,certificates,0.8573997616767883,False,,,
itcodevn.com,certificates,0.7544830441474915,False,,,
tinfrnuasfa.com,jpcert,0.9036556482315063,False,,,
iolnsnsqntupol.com,jpcert,0.9261719584465027,False,,,
zhishuitd.com,certificates,0.9559697508811951,False,,,
x30hyesny.top,jpcert,0.9234748482704163,False,,,
smbc-cardo.club,phishtank,0.9253137111663818,False,,,
ysav26.xyz,certificates,0.9886248111724854,False,,,
henryandvivian.com,certificates,0.9082111716270447,True,503.0,,
tinfrnunjd.com,jpcert,0.9684052467346191,True,503.0,,
dfurnituremang.com,certificates,0.761878252029419,True,503.0,,
htcyae.cn,jpcert,0.9610342979431152,True,503.0,,
dongcooto.com,jpcert,0.966222882270813,False,,,
whdgcy.com,jpcert,0.9859040379524231,False,,,
dompostr.icu,certificates,0.9739607572555542,False,,,
bpovendors.com,certificates,0.9225731492042542,False,,,
176mwc.com,jpcert,0.8916692733764648,False,,,
distantwest.co.kr,jpcert,0.9880964756011963,False,,,
ianunjs.com,jpcert,0.9821643829345703,False,,,
3xzaroq9wipyxj.top,certificates,0.9777621626853943,False,,,
movesmbcontco.shop,jpcert,0.8230915069580078,False,,,
lab.webtags.net,phishtank,0.9746713042259216,False,,,
ve.harmonixdemo.com,phishtank,0.9750321507453918,True,503.0,,
canhbidongonb.icu,certificates,0.7923382520675659,False,,,
dev.thecoinshoppe.ca,jpcert,0.9722168445587158,False,,,
xo0fx9eqoy8d0e.top,jpcert,0.8865057826042175,False,,,
help-center-56789.io.vn,phishtank,0.986514151096344,False,,,
bbaafp.cn,certificates,0.9164599180221558,False,,,
sainnjkas.com,jpcert,0.9631166458129883,False,,,
ludatha.com,jpcert,0.9285932779312134,True,,,
newbalanceshop.jp,jpcert,0.9581504464149475,False,,,
35hellowork.com,jpcert,0.9714707136154175,False,,,
hg88127.com,jpcert,0.884831964969635,False,,,
amexjapan005.mom,certificates,0.8781563639640808,False,,,
jaccs-modernule.ghnka.cn,jpcert,0.9833506941795349,True,503.0,,
397025.com,jpcert,0.9744384288787842,True,503.0,,
laladpl.cn,jpcert,0.862267017364502,True,503.0,,
mybusynest.com,certificates,0.9720255732536316,True,503.0,,
aqsyr.com,certificates,0.9863298535346985,True,503.0,,
wuyujixie.com,jpcert,0.956615686416626,True,850.0,,
iafflocal83.com,jpcert,0.9110796451568604,False,,,
c7y7.cc,jpcert,0.7469226121902466,True,503.0,,
gzpyxintuo.com,certificates,0.9524851441383362,True,503.0,,
bcujiwsurhifnksoiikbvsw.icu,certificates,0.7137942910194397,False,,,
yiwzp.com,certificates,0.8978199362754822,False,,,
securedlogin.cc,phishtank,0.939253568649292,False,,,
fgby.cn,certificates,0.9809027910232544,False,,,
alimmm.top,certificates,0.9397099018096924,False,,,
mwloc.cn,jpcert,0.949699878692627,True,,,
iudqj.cn,certificates,0.9675014615058899,True,,,
lzcdr.cn,phishtank,0.9640609622001648,True,,,
cupcakekingdoms.com,certificates,0.8327030539512634,False,,,
studiji.mmh.hr,jpcert,0.9850232601165771,False,,,
zfglnet.com,certificates,0.9727175235748291,True,503.0,,
dghengyao168.com,certificates,0.9658887982368469,True,200.0,unknown,
healthshoppingclub.com,jpcert,0.9809637069702148,False,,,
parfumsetbeaute.com,jpcert,0.8182815909385681,True,,,
gzzuoju.com,certificates,0.8059764504432678,True,503.0,,
bcrrholding.com,jpcert,0.7466947436332703,True,,,
xttljinshu.com,jpcert,0.9881995916366577,True,503.0,,
ivbt.cn,jpcert,0.7733871340751648,True,,,
dbs.myy.biz.id,phishtank,0.8807611465454102,False,,,
huml.cn,certificates,0.9005005359649658,True,,,
