domain,source,ml_probability,dns_resolves,http_status,content_length,looks_legit,legit_indicators,phish_indicators
3reer45.lat,phishtank,0.015595069155097008,False,,0,,,
usnblezpasscom.xin,phishtank,0.02482842467725277,False,,0,,,
nabtag.com,jpcert,0.1818496137857437,False,,0,,,
choisirunrelay.com,phishtank,0.019806860014796257,False,,0,,,
ashleytevatia.com,jpcert,0.17672781646251678,False,,0,,,
maahaya.cn,certificates,0.0844467505812645,False,,0,,,
sensoriumpsychologists.com,phishtank,0.018204208463430405,True,503.0,6820,,,
hezemusheng.cn,certificates,0.2557061016559601,True,503.0,6808,,,
site-ontroetge.uno,phishtank,0.07870469987392426,True,503.0,6812,,,
reschiastudios.com,phishtank,0.012461484409868717,True,503.0,6812,,,
totalmedicaltourism.com,phishtank,0.005926485173404217,False,,0,,,
abichan.net,jpcert,0.014695649966597557,True,503.0,6805,,,
dniperu.online,phishtank,0.08614739775657654,True,503.0,6808,,,
huwaifeng.cn,certificates,0.05161792412400246,True,503.0,6806,,,
inicioraiker.site,phishtank,0.040891069918870926,False,,0,,,
sheilhoward.bond,jpcert,0.14262467622756958,False,,0,,,
senatgold.space,phishtank,0.12817615270614624,False,,0,,,
uveexc.com,phishtank,0.29105934500694275,True,503.0,6804,,,
pkobp.com,phishtank,0.1429995447397232,True,503.0,6803,,,
desafio.org,phishtank,0.03691726177930832,True,503.0,6805,,,
salmonriverfarm.com,jpcert,0.006795043591409922,True,503.0,6813,,,
digitalplace.space,phishtank,0.022552641108632088,False,,0,,,
family-officebell.com,phishtank,0.2309386283159256,False,,0,,,
bosquescondido.com,phishtank,0.031943731009960175,True,503.0,6812,,,
madexe.com,jpcert,0.030929744243621826,True,200.0,114,,,
postdeatheducation.com,phishtank,0.051662877202034,True,503.0,6816,,,
mtech-kobe.co.jp,jpcert,0.10195647925138474,True,503.0,6810,,,
solvtopia.com,jpcert,0.05526309460401535,True,503.0,6807,,,
waa.ai,jpcert,0.03679419681429863,True,503.0,6800,,,
login-sagaccouplely.xyz,jpcert,0.011225205846130848,False,,0,,,
ht-nail.de,jpcert,0.07477713376283646,True,503.0,6804,,,
mimpikami.com,jpcert,0.005678482353687286,True,403.0,514,,,
sntqvf.com,phishtank,0.12918119132518768,True,503.0,6804,,,
run.mocky.io,phishtank,0.010127839632332325,True,404.0,5092,,,
alswlj.com,certificates,0.09823387861251831,True,503.0,6804,,,
laubros.com,phishtank,0.04584597423672676,True,200.0,333388,True,about us|contact|copyright|company,
urbanandruraldesign.com.au,jpcert,0.09219618141651154,True,200.0,245767,True,about us|contact|privacy policy|copyright|company,
imsfingerprinting.com,certificates,0.03217364847660065,True,503.0,6815,,,
empcme.com,phishtank,0.02990434505045414,True,503.0,6804,,,
postnet-operate.com,phishtank,0.28536123037338257,True,,0,,,
rjdqct.com,jpcert,0.1944730579853058,True,503.0,6804,,,
calinoukids.com,phishtank,0.03113109990954399,True,503.0,6809,,,
mxjstone.com,jpcert,0.046808257699012756,True,503.0,6806,,,
che-post.work,phishtank,0.10752397775650024,False,,0,,,
glaters.com,phishtank,0.021347878500819206,True,,0,,,
3t.fit,certificates,0.23119935393333435,False,,0,,,
test-directory.com,jpcert,0.10605140030384064,True,403.0,1509,,,
ups.com-qwaf.cc,phishtank,0.1836819350719452,True,503.0,6809,,,
daycom.cn,jpcert,0.026908308267593384,True,200.0,5009,unknown,,
mfgf.hu,jpcert,0.054235897958278656,True,200.0,13156,unknown,,
thesocial.cn,certificates,0.09122076630592346,True,436.0,0,,,
maruesushikan.jp,jpcert,0.025178009644150734,True,503.0,6810,,,
emghjoue.top,phishtank,0.11746224015951157,True,503.0,6806,,,
komano.co.jp,jpcert,0.017037473618984222,True,503.0,6806,,,
amendresponseauonline.de,phishtank,0.011354651302099228,False,,0,,,
qminime.com,phishtank,0.11466401070356369,True,503.0,6805,,,
meacoppertech.com,certificates,0.09255953878164291,True,503.0,6811,,,
bellacapelliroselle.com,phishtank,0.04895760491490364,True,,0,,,
tracker-suivi.com,phishtank,0.28203529119491577,False,,0,,,
changyoushiyou.com,jpcert,0.05953164026141167,True,503.0,6812,,,
sfwcorp.com,jpcert,0.215362548828125,False,,0,,,
yakunimi-kuchiwa.jp,jpcert,0.021039508283138275,True,200.0,43986,True,contact|copyright|お問い合わせ,
servicesevri.today,phishtank,0.26564088463783264,True,,0,,,
gogochebaomu.com,jpcert,0.008693593554198742,False,,0,,,
fnyshop.com,certificates,0.1449267715215683,True,503.0,6805,,,
nprant-naice-amoneomn.top,jpcert,0.2430470585823059,False,,0,,,
volohov.com,phishtank,0.02568146027624607,True,503.0,6805,,,
correos.lol,jpcert,0.12584653496742249,True,503.0,6805,,,
diary-jp.icu,phishtank,0.14772310853004456,False,,0,,,
simondoesdubai.com,certificates,0.009466038085520267,True,503.0,6812,,,
qcwiale.cn,jpcert,0.00760667584836483,True,503.0,6804,,,
mito-sogyoyushi.com,jpcert,0.09820038825273514,True,503.0,6813,,,
cdfme.com,jpcert,0.12366402894258499,True,503.0,6803,,,
fastframenapa.com,jpcert,0.0020275956485420465,False,,0,,,
i5s.top,certificates,0.11796649545431137,False,,0,,,
taxinewsline.ru,phishtank,0.01930658333003521,True,503.0,6809,,,
ggetech.us,phishtank,0.055177975445985794,True,503.0,6804,,,
hkenjoy.com,jpcert,0.008507288061082363,True,503.0,6805,,,
promotionalproducts2u.com.au,phishtank,0.030633259564638138,False,,0,,,
se-ce-holding.de,jpcert,0.022559678182005882,True,200.0,4746,unknown,,
meetinggroom.org,phishtank,0.022272838279604912,False,,0,,,
vanessabhealth.com,phishtank,0.03703051805496216,True,200.0,142733,True,privacy policy|terms of service,
theapriljournal.com,phishtank,0.03848469629883766,True,503.0,6813,,,
amejp.top,certificates,0.2069796770811081,False,,0,,,
fvrconsult.com,phishtank,0.0398065485060215,True,503.0,6808,,,
heromca.com,jpcert,0.18670150637626648,False,,0,,,
inbook.cc,certificates,0.029699668288230896,True,503.0,6803,,,
amaznoeom.com,jpcert,0.19331574440002441,False,,0,,,
yhtid.com,jpcert,0.011813069693744183,True,200.0,678,unknown,,
tclle.com,jpcert,0.15114794671535492,False,,0,,,
pasquinostefano.it,phishtank,0.03628556430339813,True,200.0,154463,unknown,copyright,
ykchaojun.com,certificates,0.22962139546871185,True,503.0,6807,,,
garittooberu.com,jpcert,0.0366431400179863,True,200.0,41987,unknown,copyright,
zerolimitart.com,jpcert,0.029068509116768837,True,200.0,7626,False,contact,suspended
pramuangnue.com,jpcert,0.02177879959344864,True,200.0,69807,True,contact|copyright,
ghtree.com,certificates,0.013261927291750908,True,503.0,6804,,,
en.wonderlink.de,phishtank,0.06789951771497726,True,200.0,56112,True,privacy policy|terms of service,
seedsack.com,jpcert,0.05118253082036972,True,200.0,168,,,
thuspages.com,jpcert,0.2633741796016693,False,,0,,,
shxieer.cn,jpcert,0.00760667584836483,True,503.0,6804,,,
saltekomakine.com,phishtank,0.15920677781105042,True,503.0,6811,,,
jinlindl.com,phishtank,0.049752771854400635,True,503.0,6806,,,
hzspypglj.com,jpcert,0.111170694231987,True,200.0,89007,True,about us|contact|copyright,
canlaile.com,certificates,0.037074975669384,False,,0,,,
serviceautoroutes.com,phishtank,0.04215916618704796,True,503.0,6815,,,
cemev.com.ar,phishtank,0.075813427567482,True,503.0,6806,,,
svmschool.edu.bd,jpcert,0.18090929090976715,True,200.0,29195,unknown,contact,
gs-breitenhagen.de,jpcert,0.04354144260287285,True,200.0,301795,True,contact|copyright,
consolerepairs.org.uk,phishtank,0.07493405789136887,True,503.0,6815,,,
gayatrienterprise.com,jpcert,0.09210652112960815,True,200.0,114,,,
fastsettlementhub.click,phishtank,0.05516301468014717,False,,0,,,
kuronekoyamat.cc,certificates,0.21746666729450226,False,,0,,,
nina-life.com,jpcert,0.09012694656848907,True,200.0,3447,unknown,copyright,
wildknights.jp,jpcert,0.06528681516647339,True,200.0,2633,unknown,copyright,
florerialasfrecias.com,phishtank,0.053528789430856705,True,503.0,6816,,,
bfd269.com,jpcert,0.1458786129951477,True,503.0,6804,,,
bioegroup.com,phishtank,0.035107795149087906,True,503.0,6807,,,
9408kramerwood.com,phishtank,0.04205863177776337,True,503.0,6812,,,
jhbnm.com,jpcert,0.0962887778878212,True,503.0,6803,,,
doudouxizi.com,certificates,0.05020235478878021,True,403.0,146,,,
secure-jp.icu,phishtank,0.1526208370923996,False,,0,,,
futurethink.co.za,phishtank,0.04540817812085152,True,503.0,6811,,,
specialm.cn,jpcert,0.2098267823457718,True,503.0,6805,,,
kemvalstore.com,jpcert,0.011579888872802258,False,,0,,,
jfpjq.com,jpcert,0.0962887778878212,True,503.0,6803,,,
myjcb-no.me,jpcert,0.11212363839149475,True,503.0,6805,,,
pathalive.com,jpcert,0.178285151720047,True,200.0,298353,True,about us|contact|privacy policy|copyright|terms of service|company,
sbl-securitea.com,phishtank,0.037434764206409454,False,,0,,,
nevasnation.com,jpcert,0.13998101651668549,False,,0,,,
eplshippinguae.com,jpcert,0.025037575513124466,True,503.0,6812,,,
rxqi.cn,jpcert,0.2219996601343155,True,503.0,6801,,,
aeonzm.com,certificates,0.07453493773937225,True,200.0,16369,unknown,,
xanderleneave.com,jpcert,0.22269029915332794,False,,0,,,
kobayashi.farm,jpcert,0.06507345288991928,True,200.0,96498,True,about us|contact|copyright|company,
eau-veolia.com,phishtank,0.1564325988292694,False,,0,,,
johnlaw.com,phishtank,0.0301702581346035,True,503.0,6805,,,
cuadrosblangar.es,phishtank,0.023302627727389336,True,503.0,6811,,,
blogclaudiooliveira.com,jpcert,0.031297456473112106,True,503.0,6817,,,
rowearchitectlove.cc,jpcert,0.0395919531583786,False,,0,,,
smarttecho.net,phishtank,0.03856303542852402,True,503.0,6808,,,
meetaz.com,jpcert,0.028128731995821,True,410.0,0,,,
dljinbomy.com,certificates,0.09271752089262009,True,503.0,6807,,,
kw-anwaelte.com,jpcert,0.12672719359397888,True,200.0,251297,unknown,company,
selvamedic.com,phishtank,0.03728227689862251,True,503.0,6808,,,
stand2-toptop.ru,phishtank,0.05174097791314125,False,,0,,,
ulys-france.com,phishtank,0.19332987070083618,False,,0,,,
aeon-servec.com,certificates,0.08883779495954514,False,,0,,,
yizhongju.com,certificates,0.010654852725565434,True,503.0,6807,,,
jbmnc.com,phishtank,0.01805785484611988,True,503.0,6803,,,
lanzonecg.com,jpcert,0.015158971771597862,True,503.0,6807,,,
amaons.com,certificates,0.11732727289199829,False,,0,,,
qge8o8.cn,jpcert,0.18414080142974854,True,503.0,6803,,,
yuukayamada-art-leciel-sky.com,jpcert,0.03531195968389511,True,200.0,61514,True,contact|copyright,
mang123.cn,certificates,0.06770533323287964,True,403.0,4545,,,
dejoq.cn,jpcert,0.23665885627269745,False,,0,,,
aquaveil.net,phishtank,0.040853749960660934,True,503.0,6806,,,
urlsurvey.co.in,jpcert,0.029040168970823288,True,406.0,226,,,
hxkdaz.com,certificates,0.28632035851478577,True,503.0,6804,,,
mollydefrank.com,jpcert,0.02181423455476761,True,406.0,226,,,
guminwx.com,certificates,0.1476820558309555,False,,0,,,
ibndesign.xyz,phishtank,0.11505481600761414,False,,0,,,
awluo.com,certificates,0.011434286832809448,True,503.0,6803,,,
alifbusinessgroup.com,phishtank,0.029469510540366173,True,503.0,6815,,,
wioenl.cn,jpcert,0.27977827191352844,False,,0,,,
idf-dhl.com,phishtank,0.20668672025203705,False,,0,,,
satsumatsu.com,jpcert,0.1387055367231369,False,,0,,,
jintangshebei.com,jpcert,0.033638276159763336,True,503.0,6811,,,
liberta-jikohasan.com,jpcert,0.08196661621332169,True,200.0,36062,unknown,contact,
ahhrdc.com,jpcert,0.1196901798248291,True,200.0,50259,True,about us|contact|copyright,
jllia.cn,jpcert,0.2041741907596588,True,503.0,6802,,,
suaponto.top,phishtank,0.009019610472023487,False,,0,,,
findazores.com,certificates,0.12787488102912903,False,,0,,,
mizamedikal.com,phishtank,0.04308663308620453,True,503.0,6809,,,
vngviatges.com,jpcert,0.03741772845387459,True,503.0,6808,,,
mathgoeasy.com,jpcert,0.2840999364852905,False,,0,,,
msm-sonnenschutz.at,phishtank,0.010133487172424793,True,200.0,44147,unknown,,
abahshah.com,phishtank,0.031750887632369995,True,503.0,6806,,,
bluewiin.com,phishtank,0.02793877013027668,True,503.0,6806,,,
buscoverytours.com,jpcert,0.051157016307115555,True,200.0,32698,True,about us|contact|copyright|company,
hzoq.cn,certificates,0.23915214836597443,True,503.0,6801,,,
7xlveayj.com,certificates,0.233251690864563,False,,0,,,
lteunlocks.com,phishtank,0.2974849343299866,False,,0,,,
autorouteulys.com,phishtank,0.06149584427475929,False,,0,,,
go.click.ly,jpcert,0.09114717692136765,True,200.0,2166,unknown,,
independentscale.com.au,jpcert,0.05953548476099968,True,503.0,6817,,,
aouxy.cn,jpcert,0.025646483525633812,True,503.0,6802,,,
producenz.com,phishtank,0.24715934693813324,True,503.0,6807,,,
uhaulshare.com,phishtank,0.04458272457122803,False,,0,,,
phoenix288.info,phishtank,0.10322650521993637,False,,0,,,
as324ind.lat,phishtank,0.04139617457985878,False,,0,,,
lrs-validationrequired.com,phishtank,0.020050372928380966,False,,0,,,
cleanuri.com,phishtank,0.011450209654867649,True,503.0,6806,,,
stricaimoveis.com.br,jpcert,0.11287003755569458,True,503.0,6814,,,
activisionaward.com,phishtank,0.006901997607201338,True,503.0,6813,,,
dahecaihui.com,certificates,0.06484919786453247,True,503.0,6808,,,
mlrip.ac.in,phishtank,0.07152744382619858,True,200.0,36771,True,about us|contact|copyright,
abonnement-uiys.com,phishtank,0.26166993379592896,True,503.0,6813,,,
uzdrbmn.shop,jpcert,0.020863721147179604,True,503.0,182,,,
ulys-portail.com,phishtank,0.1923549771308899,True,503.0,6810,,,
kimberoe.com,jpcert,0.011031363159418106,False,,0,,,
qldtutoring.com,jpcert,0.027630021795630455,True,406.0,226,,,
3c5.com,jpcert,0.019197609275579453,True,,0,,,
italive.it,jpcert,0.028535665944218636,False,,0,,,
melikataheri.com,phishtank,0.02801317349076271,True,503.0,6810,,,
makinedjp.net,jpcert,0.1793832629919052,False,,0,,,
achleshwar.in,phishtank,0.04495980590581894,True,503.0,6807,,,
hacertech.com,certificates,0.051853787153959274,False,,0,,,
aeqart.fr,phishtank,0.04390525817871094,False,,0,,,
kikiacai.com.br,jpcert,0.03651776909828186,False,,0,,,
baccaratguide.jp,jpcert,0.025961950421333313,True,503.0,6810,,,
cienciauneve.com,phishtank,0.059369344264268875,True,503.0,6810,,,
eki-co-jp.icu,jpcert,0.23822182416915894,False,,0,,,
aspirecareersintl.com,jpcert,0.1362164318561554,False,,0,,,
ostracontech.com,phishtank,0.02192845195531845,True,200.0,13946,True,about us|contact|copyright|company,
solutionscribe.fr,jpcert,0.02144613489508629,True,503.0,6811,,,
bank-pko.pl,phishtank,0.039031628519296646,False,,0,,,
bgnroh.xyz,phishtank,0.21014587581157684,True,503.0,6804,,,
zekiofarm.com,phishtank,0.03356771171092987,True,503.0,6807,,,
smokedamagecleanuppros.com,certificates,0.08063477277755737,True,503.0,6820,,,
jsszcm.com,jpcert,0.2949604392051697,True,503.0,6804,,,
ipv6guru.com,certificates,0.2035933881998062,True,200.0,44416,True,about us|contact|privacy policy|copyright|company,
gracedivineeducation.ci,phishtank,0.019808329641819,True,403.0,514,,,
szdaoshui.com,certificates,0.01201838068664074,True,503.0,6807,,,
praevida.com.ar,jpcert,0.0362149216234684,True,200.0,37798,True,contact|copyright|company,
marketagricola.pe,jpcert,0.05511029064655304,True,200.0,1366,unknown,,
sartoriaprincipemontalcino.com,phishtank,0.06871148943901062,True,503.0,6824,,,
foristom.org,jpcert,0.02503822185099125,True,200.0,30320,True,about us|contact|copyright|company,
eye-lucir.com,jpcert,0.09628880769014359,True,503.0,6807,,,
wmiwfy.de,phishtank,0.14961783587932587,False,,0,,,
ruiquan5.com,jpcert,0.017330195754766464,True,503.0,6806,,,
maftkd.com,jpcert,0.040066786110401154,False,,0,,,
melakahalalhub.com,jpcert,0.026792921125888824,True,,0,,,
seahawks.ch,jpcert,0.03563409298658371,True,503.0,40853,,,
elhamdeg.com,phishtank,0.02542172558605671,True,503.0,6806,,,
viaverde-domain.com,phishtank,0.17178082466125488,False,,0,,,
kyc-update-info.com,phishtank,0.19035202264785767,True,503.0,6813,,,
msha.ke,phishtank,0.009849786758422852,True,200.0,268178,unknown,contact,
2aw12d.lat,phishtank,0.06310474127531052,False,,0,,,
xazlty.com,jpcert,0.18745115399360657,True,503.0,6816,,,
maineremotestarters.com,phishtank,0.03897726535797119,True,503.0,6817,,,
mitadi.com,certificates,0.015492668375372887,True,503.0,6804,,,
lixunfb.com,jpcert,0.29366350173950195,True,503.0,6805,,,
thizinternational.com,phishtank,0.08704394847154617,False,,0,,,
ilsentiero.net,certificates,0.05787054821848869,True,503.0,6808,,,
marukoh1971.co.jp,jpcert,0.07508621364831924,True,200.0,80185,True,contact|copyright|会社概要,
cos.ge,phishtank,0.03645699843764305,True,503.0,6800,,,
ydshelf.com,certificates,0.06352122873067856,True,503.0,6805,,,
alafq.com,certificates,0.2069796770811081,True,200.0,38648,unknown,copyright,
dynmedia.uk,phishtank,0.15571288764476776,False,,0,,,
mineralenergi.com,phishtank,0.11699308454990387,True,503.0,6811,,,
gardnersregiment.com,jpcert,0.08309102803468704,False,,0,,,
datrixonlineservicia.world,phishtank,0.12436340004205704,False,,0,,,
wwwallegro.cz,phishtank,0.008659953251481056,True,503.0,6807,,,
goldengoosebeverages.com,phishtank,0.008848325349390507,True,503.0,6818,,,
ninchisho-cafe.com,jpcert,0.10363215953111649,True,404.0,18994,,,
frutty.com.br,jpcert,0.09861664474010468,True,200.0,85338,unknown,,
eriuioetrt.top,jpcert,0.1591053307056427,True,503.0,6808,,,
aaxlx.cn,phishtank,0.1375008523464203,True,503.0,6802,,,
quakelatam.com,phishtank,0.2257123589515686,False,,0,,,
royalcommunitybanks.com,phishtank,0.02281370386481285,False,,0,,,
avanprosa.com,phishtank,0.040899261832237244,True,503.0,6807,,,
nicolerapp.com,jpcert,0.02934713289141655,True,503.0,6808,,,
valerso.com,jpcert,0.20732279121875763,False,,0,,,
serveaucards.com,jpcert,0.03696838766336441,False,,0,,,
pxdesign.jp,jpcert,0.05103359743952751,True,200.0,61216,True,contact|copyright|company|お問い合わせ,
ulys-info.com,phishtank,0.14890056848526,True,,0,,,
jagtambaiti.com,jpcert,0.048819027841091156,False,,0,,,
vipfbtools.com,phishtank,0.01135197002440691,False,,0,,,
toughguydigest.com,jpcert,0.0075413319282233715,True,503.0,6812,,,
fleetwoodchicago.com,jpcert,0.04804025962948799,False,,0,,,
asklaptopfreak.com,jpcert,0.0075413319282233715,True,503.0,6812,,,
eabener.cn,jpcert,0.03364316746592522,True,403.0,4545,,,
persiadesigner.com,jpcert,0.03317056968808174,True,503.0,6812,,,
3rdstreetmarket.com,phishtank,0.054423823952674866,True,503.0,6813,,,
igotcat.com,certificates,0.26628410816192627,False,,0,,,
alegrameeldia.org,phishtank,0.04944409430027008,True,503.0,6811,,,
mercarilci.com,jpcert,0.04840480163693428,False,,0,,,
kimte.top,phishtank,0.019984442740678787,False,,0,,,
agendarconsulta.link,phishtank,0.04868744686245918,True,503.0,6814,,,
appmondialrelay.com,phishtank,0.02501543052494526,True,503.0,6813,,,
etc.onl,phishtank,0.0032354125287383795,True,503.0,6801,,,
fuegoydelicia.mx,phishtank,0.0609079971909523,False,,0,,,
radsuramerica.com,phishtank,0.029467055574059486,True,200.0,230642,True,contact|company,
pt-trackingctt.com,phishtank,0.24242772161960602,False,,0,,,
gsredu.com,certificates,0.08670138567686081,True,403.0,4545,,,
fbs.adv.br,phishtank,0.02404041960835457,False,,0,,,
foxwilmar.com,phishtank,0.022138595581054688,True,503.0,6807,,,
sh.rize.nu,jpcert,0.04013365879654884,True,503.0,6804,,,
magnoliapropertyholdings.com,phishtank,0.05587850883603096,True,503.0,6822,,,
data-okinawa.com,jpcert,0.04333644360303879,True,503.0,6810,,,
mondialrelay-programmer.com,phishtank,0.27962082624435425,True,503.0,6821,,,
yarus-tech.com,jpcert,0.1707449108362198,True,503.0,6808,,,
kamaulaw.com,jpcert,0.09024796634912491,False,,0,,,
y6956.cc,jpcert,0.28847894072532654,True,503.0,6802,,,
ptovesindo.com,phishtank,0.1620347797870636,False,,0,,,
iaygehwiwhgdud.com,jpcert,0.2157885730266571,False,,0,,,
omniahcenter.com,phishtank,0.263662189245224,True,503.0,6810,,,
cuxis1hub.com,phishtank,0.041188325732946396,True,503.0,6807,,,
forlife-co.com,jpcert,0.11103926599025726,True,200.0,26919,True,contact|copyright|company|お問い合わせ,
hedefpanel.net,phishtank,0.03389821946620941,True,503.0,6808,,,
mnssourcing.com,jpcert,0.027220819145441055,True,200.0,258654,True,contact|privacy policy|company,
harisan.co.in,jpcert,0.02405030094087124,True,503.0,6807,,,
bbz668.com,jpcert,0.05379517748951912,True,503.0,6804,,,
promocjeallegro.pl,phishtank,0.055352214723825455,False,,0,,,
cgpdzw.top,phishtank,0.20147143304347992,True,503.0,6804,,,
serifoto.it,phishtank,0.03054952435195446,True,503.0,6805,,,
ytsantong.com,jpcert,0.01060504000633955,True,503.0,6807,,,
q14xov67.lat,phishtank,0.09025726467370987,True,503.0,6806,,,
hikk.shop,certificates,0.02353258803486824,False,,0,,,
suivi-consigne.com,phishtank,0.2946939468383789,True,503.0,6812,,,
gdwedn.com,certificates,0.03510579466819763,True,,0,,,
djpaulinhomattos.com.br,jpcert,0.015547259710729122,True,403.0,6924,,,
pvermeulenbouwservice.nl,phishtank,0.0190289244055748,True,200.0,14105,unknown,contact,
mgck.ink,phishtank,0.025257999077439308,True,200.0,28953,unknown,,
smbc-cardnm.icu,phishtank,0.16633915901184082,False,,0,,,
sunjeetcommunications.com,phishtank,0.13491781055927277,True,503.0,6819,,,
maestromovement.com,jpcert,0.021738722920417786,True,503.0,6813,,,
matjarapk.com,phishtank,0.007263571955263615,True,403.0,514,,,
eposcard.cc,jpcert,0.04032795876264572,False,,0,,,
azratechnologies.com,jpcert,0.08069860190153122,True,503.0,6814,,,
batalkan.cc,phishtank,0.04109413921833038,True,503.0,6805,,,
offerprospect.com,phishtank,0.043704159557819366,True,503.0,6811,,,
riouruguaysrl.com,jpcert,0.041524939239025116,True,503.0,6811,,,
theindayogroup.com,jpcert,0.004899294581264257,False,,0,,,
lockers-pointrelais.com,phishtank,0.1460074484348297,False,,0,,,
veggieperrins.com,jpcert,0.13605807721614838,False,,0,,,
susolucionchile.cl,phishtank,0.04036124423146248,True,503.0,6812,,,
pancretaonline-grnew.com,phishtank,0.13357873260974884,True,503.0,6818,,,
deepalkhonkaen.com,phishtank,0.029496628791093826,False,,0,,,
csesolutions.fr,jpcert,0.11599253863096237,False,,0,,,
pooljax.com,jpcert,0.26785802841186523,False,,0,,,
crbnfiwodr.xin,phishtank,0.1186799705028534,False,,0,,,
vivido-office.ro,jpcert,0.054520223289728165,True,200.0,43207,unknown,contact,
gl-projects.com,jpcert,0.10407841950654984,True,503.0,6809,,,
saraytur.com,phishtank,0.02393779531121254,True,200.0,77256,True,contact|copyright|company,
wzayeftuday.com,jpcert,0.008913927711546421,True,200.0,107071,True,contact|copyright,
paypal-home.com,phishtank,0.23975753784179688,False,,0,,,
nn-zakon.ru,phishtank,0.12358129024505615,True,503.0,6805,,,
cf-brands.com,jpcert,0.2163672149181366,True,503.0,6807,,,
kanimeospas.com,phishtank,0.03507036343216896,False,,0,,,
gestion-relay.info,phishtank,0.1787097007036209,False,,0,,,
ipf-patent.com,jpcert,0.061588238924741745,True,200.0,30757,True,contact|copyright|お問い合わせ,
maurosantos.adv.br,jpcert,0.0747445598244667,True,503.0,6812,,,
i5207.com,jpcert,0.06266485154628754,True,503.0,6803,,,
satchel.com.ar,phishtank,0.012114027515053749,True,503.0,6808,,,
smarthealthe.com,certificates,0.03719129040837288,False,,0,,,
jrailpas.com,jpcert,0.029175637289881706,False,,0,,,
rahropub.ir,jpcert,0.01643815077841282,False,,0,,,
get-bible.com,jpcert,0.12550760805606842,True,503.0,6807,,,
sea-doo.cloud,phishtank,0.05261693149805069,False,,0,,,
k5o6som8.lat,phishtank,0.055833131074905396,False,,0,,,
biepo.cn,jpcert,0.24326419830322266,False,,0,,,
nr-grp.net,jpcert,0.0972132533788681,True,200.0,78902,True,contact|copyright|お問い合わせ,
cardscc.com,certificates,0.07394173741340637,True,503.0,6805,,,
beforewemeetllc.com,jpcert,0.039066627621650696,True,406.0,226,,,
water-front.gr,phishtank,0.05065138638019562,True,503.0,6808,,,
modernreg.org,phishtank,0.010580467991530895,False,,0,,,
infinitoradio.com.ar,jpcert,0.033530402928590775,True,200.0,96496,unknown,copyright,
eyouchina.com,phishtank,0.05904601514339447,True,503.0,6807,,,
millandfeed.company,jpcert,0.08632972091436386,False,,0,,,
s-esu.co.jp,jpcert,0.1905369907617569,True,200.0,6168,True,contact|copyright|company,
res-prontos.kyiv.ua,phishtank,0.08967570960521698,False,,0,,,
tintasweb.com.br,jpcert,0.08176494389772415,False,,0,,,
arazimai.co.il,phishtank,0.055217307060956955,False,,0,,,
isintosuccess.com,phishtank,0.006881906185299158,True,503.0,6811,,,
arvinhe.club,jpcert,0.15981590747833252,False,,0,,,
iqtaste.com,jpcert,0.06562463939189911,True,503.0,6805,,,
zenritsusen-care.com,jpcert,0.14118368923664093,True,503.0,6814,,,
mamoruke.com,jpcert,0.04222393035888672,True,503.0,6806,,,
miamigojesus.edu.pe,phishtank,0.056436989456415176,True,503.0,6813,,,
mizuha-bask.com,certificates,0.22532105445861816,False,,0,,,
sb1-sec-arpente.com,phishtank,0.11781720817089081,True,503.0,6813,,,
ncarecameroon.org,phishtank,0.01903868280351162,True,200.0,161545,True,about us|contact|privacy policy|copyright,
megasolucoes.pt,jpcert,0.04124492034316063,True,200.0,5473,unknown,contact,
aasthaprinters.com,certificates,0.07058876007795334,True,503.0,6812,,,
tbmalaga.com,certificates,0.010719663463532925,False,,0,,,
westbudapestestate.hu,phishtank,0.02992248721420765,True,503.0,6815,,,
42dosz2.lat,phishtank,0.035447150468826294,False,,0,,,
tandtek.dk,phishtank,0.02862849272787571,True,503.0,6804,,,
hbib.co.za,jpcert,0.036495886743068695,True,503.0,6804,,,
ceoyz.cn,jpcert,0.058986254036426544,True,503.0,6802,,,
casesol.com,jpcert,0.12601082026958466,False,,0,,,
cosmicnest.in,phishtank,0.02031577005982399,True,503.0,6807,,,
antelys.com,certificates,0.07236194610595703,False,,0,,,
corporatevideographychicago.net,jpcert,0.024674663320183754,True,200.0,114,,,
eki.rvsaqkdik.co,jpcert,0.25027358531951904,False,,0,,,
divinajoias.com,certificates,0.0030893292278051376,True,404.0,20725,,,
zhihuiganzhi.com,certificates,0.03279286250472069,True,503.0,6810,,,
chitarabe.jp,jpcert,0.05161792412400246,True,503.0,6806,,,
nozominosato-nagashima.com,jpcert,0.07100953161716461,True,200.0,16864,True,contact|copyright|company,
isikserradyator.com,jpcert,0.046794064342975616,True,200.0,139486,True,contact|copyright,
hablw.cn,certificates,0.14715759456157684,True,503.0,6802,,,
i-get.jp,jpcert,0.07510928064584732,True,200.0,57395,True,copyright|会社概要|お問い合わせ,
applei.jp,jpcert,0.05706952139735222,False,,0,,,
cres-support.com,jpcert,0.08898409456014633,True,503.0,6810,,,
dinarama.org,jpcert,0.03414148837327957,True,200.0,58006,True,contact|company,
access-net.co.za,phishtank,0.0908476710319519,True,503.0,6810,,,
sfwinetours.com,jpcert,0.031300630420446396,True,503.0,6809,,,
hiddenkissstudio.com,certificates,0.1213153600692749,True,503.0,6814,,,
hupaw.cn,phishtank,0.23697805404663086,True,503.0,6802,,,
suivi-mondial-relay-fr.info,phishtank,0.29776328802108765,True,503.0,6821,,,
rewards-ff-garena-com.top,phishtank,0.10562313348054886,True,503.0,6819,,,
lenuta.co.id,phishtank,0.060726795345544815,True,503.0,6806,,,
stupina.eu,phishtank,0.04741740599274635,True,503.0,6804,,,
jp-ppy.com,jpcert,0.12381906807422638,True,503.0,6804,,,
ridgelinebooking.com,jpcert,0.17460332810878754,False,,0,,,
aztouring.com,jpcert,0.03966785594820976,True,403.0,67057,,,
idme-verifications.com,phishtank,0.13308079540729523,False,,0,,,
youaishidai.com,certificates,0.10659117996692657,True,503.0,6809,,,
laomaal.com,jpcert,0.18187673389911652,False,,0,,,
actualisation-cartevitale.fr,phishtank,0.14000707864761353,False,,0,,,
gauperaa.no,phishtank,0.008854231797158718,True,503.0,6805,,,
rkt.us,phishtank,0.03470221534371376,True,503.0,6800,,,
bobiem.com.mk,jpcert,0.17045298218727112,True,404.0,1251,,,
climatechangetalks.com,jpcert,0.015933098271489143,True,200.0,82937,True,contact|copyright,
sailed.co,jpcert,0.04484347999095917,False,,0,,,
affordableescorts.com.au,jpcert,0.06599444150924683,False,,0,,,
artager.com,certificates,0.07079828530550003,True,503.0,6805,,,
nextgen-football.it,phishtank,0.02495041862130165,True,503.0,6813,,,
vienumerique.ch,jpcert,0.020804388448596,False,,0,,,
kxm01.com,jpcert,0.021739214658737183,True,503.0,6803,,,
wuyuansheji.com,jpcert,0.00675950525328517,True,503.0,6809,,,
app-tokyo.com,certificates,0.19858920574188232,False,,0,,,
szdsib.com,jpcert,0.2786250114440918,True,503.0,6804,,,
selecttulsa.com,jpcert,0.058841511607170105,True,200.0,52042,True,contact|copyright,
joytekmotion.com,jpcert,0.015144340693950653,True,200.0,228095,True,about us|contact|company,
defakto.cn,jpcert,0.2830468416213989,True,503.0,6804,,,
linkup.top,phishtank,0.020300013944506645,True,403.0,514,,,
g-jp.top,certificates,0.08391354978084564,False,,0,,,
gerenciajuridica.com.mx,phishtank,0.16135434806346893,True,503.0,6817,,,
aifvl.co,jpcert,0.01749233901500702,False,,0,,,
macxel.com,jpcert,0.08230029791593552,True,200.0,121711,True,contact|privacy policy|copyright|terms of service,
hindihelpful.in,phishtank,0.022832347080111504,True,503.0,6809,,,
server-falcon.com,phishtank,0.010122577659785748,False,,0,,,
sanblasgolf.com,jpcert,0.014502100646495819,False,,0,,,
womenclubmeripehchan.com,jpcert,0.06976278126239777,False,,0,,,
china-handbag.com,jpcert,0.011131619103252888,True,503.0,6811,,,
takipcigir.com,phishtank,0.06896469742059708,True,200.0,17852,True,contact|copyright,
bljjd.com,certificates,0.16907985508441925,True,200.0,76335,unknown,,
s.teamw.cc,phishtank,0.10216362774372101,True,503.0,6804,,,
bancaporlnternet-interbanlk.com,phishtank,0.06903380155563354,False,,0,,,
ynjfjc.com,certificates,0.20387978851795197,True,403.0,4545,,,
bluenilesecurity.com,phishtank,0.05782042816281319,True,503.0,6814,,,
lidereshop.com.br,phishtank,0.07773705571889877,True,503.0,6811,,,
jcsis.jp,jpcert,0.10869189351797104,True,200.0,43543,True,contact|copyright,
grsto.xyz,jpcert,0.25584614276885986,False,,0,,,
ton-epo.org,phishtank,0.1035725325345993,True,200.0,136244,True,contact|copyright,
ebookcloud.co.jp,jpcert,0.02577931247651577,False,,0,,,
ciarafitzgerald.com,jpcert,0.025280103087425232,True,503.0,6813,,,
bondinnov.com,phishtank,0.007121897302567959,True,503.0,6807,,,
dshous.cn,jpcert,0.14141708612442017,True,503.0,6803,,,
metamaskt.cc,jpcert,0.2659682333469391,False,,0,,,
glendurrell.com,jpcert,0.005705006420612335,True,200.0,33372,unknown,copyright,
furohoon.com,jpcert,0.06199878454208374,True,200.0,131028,unknown,copyright,
ridochaltravels.com,phishtank,0.04418835788965225,True,503.0,6813,,,
ringingphone.com,jpcert,0.040427904576063156,True,503.0,6810,,,
granollerstv.com,jpcert,0.08505873382091522,True,200.0,74457,unknown,contact,
shinjuku-mc.net,jpcert,0.08151138573884964,False,,0,,,
rahmani.click,phishtank,0.06778208166360855,True,503.0,6807,,,
artesprovita.com,jpcert,0.028019024059176445,True,200.0,71785,True,about us|contact|privacy policy|copyright|terms of service,
skinibid.cc,phishtank,0.02503911405801773,True,,0,,,
toyama-tokeigankyouten.com,jpcert,0.03592200577259064,True,503.0,6820,,,
idmeirsverify.com,phishtank,0.006651388015598059,False,,0,,,
brandesignertalented.eu,phishtank,0.07748329639434814,True,503.0,6817,,,
ducomon.com,jpcert,0.12117563188076019,False,,0,,,
abv2.net.au,phishtank,0.040429431945085526,True,503.0,6805,,,
hodlbackup.net,phishtank,0.018954679369926453,False,,0,,,
sellingsonomaranch.com,jpcert,0.07194629311561584,False,,0,,,
jibun-vvh.com,certificates,0.29544535279273987,False,,0,,,
fzghak.cn,phishtank,0.19595804810523987,True,,0,,,
misslovage.com,certificates,0.17579689621925354,False,,0,,,
etc-akiaki.cam,certificates,0.1302383989095688,False,,0,,,
e0728.cn,jpcert,0.010646547190845013,True,503.0,6802,,,
cnbjyh.com,certificates,0.18271508812904358,True,503.0,6804,,,
sparka-check.net,phishtank,0.011519844643771648,False,,0,,,
consultantsgroup.com.pk,phishtank,0.02689037285745144,True,503.0,6817,,,
live-app.cx,phishtank,0.017435172572731972,True,503.0,6805,,,
realtywizardz.com,phishtank,0.02697882428765297,True,503.0,6811,,,
faceforwardinc.com,jpcert,0.03732382878661156,False,,0,,,
amazonexpressreviews.com,jpcert,0.0490683875977993,True,,0,,,
bookingdulich365.com,phishtank,0.07575059682130814,True,503.0,6814,,,
g4w.top,certificates,0.2458927035331726,False,,0,,,
gzdelicnc.com,jpcert,0.11154171824455261,True,503.0,6807,,,
pasoapaso.com.ar,jpcert,0.02384062670171261,True,200.0,250642,True,contact|copyright,
bonhomia.cl,jpcert,0.03230224922299385,False,,0,,,
babyou.cn,jpcert,0.27977827191352844,False,,0,,,
uliu.cn,certificates,0.04638497531414032,False,,0,,,
zkxyiji.cn,jpcert,0.2058122605085373,True,403.0,514,,,
huohuodai.com,jpcert,0.1530122309923172,True,503.0,6807,,,
mischahiller.com,jpcert,0.048186227679252625,True,503.0,6810,,,
vistaplaya.cl,jpcert,0.10438238084316254,False,,0,,,
camelsafariexploring.com,phishtank,0.06195821613073349,True,200.0,197434,True,about us|contact|privacy policy|copyright|company,
balcaoajudavirtual-cgd.com,phishtank,0.023353369906544685,False,,0,,,
camarasciervo.com.mx,phishtank,0.13384726643562317,True,503.0,6814,,,
mon-environnement-edf.com,phishtank,0.2365582138299942,True,,0,,,
dhxx.net,certificates,0.15581560134887695,False,,0,,,
sewarnews.com,jpcert,0.02190050296485424,True,503.0,6807,,,
yamzaklink.xyz,jpcert,0.012778686359524727,False,,0,,,
hansatour.com.py,phishtank,0.07345882058143616,False,,0,,,
account-ppl.com,phishtank,0.11464086920022964,True,503.0,6809,,,
incatrailbookings.com,phishtank,0.049729667603969574,True,503.0,6815,,,
rtqa.xyz,jpcert,0.05777739733457565,True,503.0,6802,,,
uedar.com,jpcert,0.01898016221821308,True,503.0,6803,,,
hengrungongju.com,certificates,0.09494875371456146,True,503.0,6811,,,
theexpressiveteacher.com,phishtank,0.052544351667165756,False,,0,,,
sprotra.com,phishtank,0.048626504838466644,True,503.0,6805,,,
jibunbank.pro,certificates,0.12780888378620148,False,,0,,,
kucoin.dog,certificates,0.13927370309829712,False,,0,,,
lgo66.club,jpcert,0.041199106723070145,False,,0,,,
ojxrik.cn,phishtank,0.153045192360878,True,503.0,6803,,,
aonsell.com,phishtank,0.026067590340971947,False,,0,,,
visamir.com,certificates,0.032738640904426575,True,200.0,1260079,unknown,contact,
kodomo-support.org,jpcert,0.09082355350255966,True,200.0,33979,True,contact|copyright|お問い合わせ,
whitepletinckx.com,jpcert,0.2572641372680664,True,,0,,,
heiqi.xyz,certificates,0.02495698072016239,True,503.0,6803,,,
gennera.com.ar,phishtank,0.023875707760453224,True,503.0,6808,,,
playstationgames.in,phishtank,0.043504539877176285,True,503.0,6813,,,
challenge8778.com,jpcert,0.03351282328367233,True,200.0,64696,True,contact|copyright|company|会社概要|お問い合わせ,
uspebxfu.top,phishtank,0.1919647753238678,False,,0,,,
jucreditzc.com,jpcert,0.15966324508190155,True,503.0,6808,,,
ulu.so,phishtank,0.004781823605298996,True,503.0,6800,,,
mufgqw.com,certificates,0.24711443483829498,False,,0,,,
ewqga.com,certificates,0.07063952088356018,False,,0,,,
institute-aet.com,jpcert,0.1126018613576889,True,503.0,6811,,,
relais-track.com,phishtank,0.18995104730129242,True,503.0,6810,,,
hongsicun.com,certificates,0.03205489739775658,False,,0,,,
vmoqz.cn,phishtank,0.2661549746990204,True,503.0,6802,,,
starfallrp.com,phishtank,0.02687065862119198,True,503.0,6808,,,
integrateprojectus.com,jpcert,0.05750657245516777,False,,0,,,
cicaglisabend.com,phishtank,0.03010108880698681,True,503.0,6811,,,
haueoseai.icu,jpcert,0.2533006966114044,False,,0,,,
oceanbanksalerts.com,phishtank,0.05581831559538841,False,,0,,,
update-db-tan.app,phishtank,0.07778523117303848,False,,0,,,
elremot.pl,jpcert,0.022324249148368835,True,200.0,92327,unknown,contact,
sparkassen-produkte.de,phishtank,0.029543979093432426,False,,0,,,
ina.am,phishtank,0.03559359908103943,True,503.0,6800,,,
siriusmultimedia.com,phishtank,0.049514275044202805,True,503.0,6814,,,
ino.i11i.jp,jpcert,0.04556814581155777,True,503.0,6805,,,
riverwalkvisitorsguide.org,phishtank,0.04679783061146736,False,,0,,,
allnull.cn,certificates,0.05099327862262726,True,200.0,5089,unknown,,
famsad.com,jpcert,0.025639798492193222,True,503.0,6804,,,
unitekups.in,jpcert,0.0636647492647171,False,,0,,,
dhl-news.com,phishtank,0.043120842427015305,True,404.0,5649,,,
ads2.xyz,jpcert,0.21913310885429382,False,,0,,,
seiteabosportalsuisseltd.com,phishtank,0.1098654568195343,False,,0,,,
romadiaz.com,jpcert,0.044591207057237625,True,200.0,232966,True,contact|copyright,
to.lk,phishtank,0.026483045890927315,True,503.0,6799,,,
post-mskklinkn.sbs,phishtank,0.07914190739393234,True,503.0,6812,,,
zones-transits.com,phishtank,0.18155741691589355,True,,0,,,
hco-bank.top,phishtank,0.07512228190898895,False,,0,,,
go2social.ca,phishtank,0.024986684322357178,True,503.0,6806,,,
huidongxin.com,jpcert,0.036798492074012756,True,503.0,6808,,,
2hsh6e.lat,phishtank,0.07849754393100739,False,,0,,,
sarkariupdate.in,jpcert,0.052644964307546616,False,,0,,,
relay-retrait.com,phishtank,0.11824941635131836,False,,0,,,
exodusalert.com,phishtank,0.041484005749225616,False,,0,,,
jibun-xxl.com,certificates,0.29544535279273987,False,,0,,,
971nb.com,certificates,0.14787986874580383,True,403.0,4544,,,
kvuronekocyavmaito.me,certificates,0.13563743233680725,False,,0,,,
dourosailing.com,jpcert,0.04907499626278877,True,200.0,176691,True,contact|company,
guchengzhangji.com,certificates,0.06332424283027649,True,503.0,6812,,,
cropsmall.com,certificates,0.14104129374027252,False,,0,,,
weizhenyouchuang.com,jpcert,0.026624174788594246,True,503.0,6814,,,
fulltuning.hu,jpcert,0.019727222621440887,True,503.0,6807,,,
cenkaskalli.com.tr,jpcert,0.028814541175961494,True,503.0,6812,,,
pepzop.com,phishtank,0.10344985127449036,True,503.0,6804,,,
esypark-dk.com,phishtank,0.017678340896964073,True,503.0,6808,,,
jaseating.com,certificates,0.03966785594820976,True,,0,,,
arjscl.cn,jpcert,0.11700105667114258,True,503.0,6803,,,
xinchuchem.com,jpcert,0.16933421790599823,True,,0,,,
alpha-net.online,jpcert,0.04800226539373398,True,503.0,6810,,,
dccofnevada.com,phishtank,0.027822250500321388,True,503.0,6809,,,
bemblogado.com.br,phishtank,0.04439649358391762,True,503.0,6811,,,
ianjsf.com,certificates,0.07318760454654694,False,,0,,,
sp.erneuerungsbasis.de,phishtank,0.025156619027256966,False,,0,,,
nbfaguozhan.com,jpcert,0.006989066489040852,True,503.0,6809,,,
lidercondominiosc.com.br,phishtank,0.08475147187709808,True,403.0,514,,,
fundacaointerartive.org,phishtank,0.04646613076329231,True,503.0,6817,,,
ssgjdnews.com,jpcert,0.07684068381786346,False,,0,,,
babblingwithbrooke.com,phishtank,0.048027537763118744,True,503.0,6816,,,
steemcommunty.com,phishtank,0.020056769251823425,True,503.0,6811,,,
bulletintravel.com,jpcert,0.03209458291530609,True,200.0,94649,True,contact|privacy policy|copyright,
kuronekoyamaudto.co,jpcert,0.007159097120165825,False,,0,,,
dsp5-free.com,phishtank,0.17971570789813995,False,,0,,,
hj68888.com,jpcert,0.042645495384931564,False,,0,,,
shinzou.love,jpcert,0.04905806481838226,True,503.0,6806,,,
asdkk.icu,certificates,0.011522103101015091,False,,0,,,
gallego.fr,phishtank,0.007864385843276978,True,200.0,174562,True,contact|copyright|company,
onrappel.com,certificates,0.02393779531121254,False,,0,,,
junkunoo.com,jpcert,0.09505815804004669,False,,0,,,
nblfxfsb.com,jpcert,0.20874838531017303,True,503.0,6806,,,
liudehen.COM,certificates,0.14913226664066315,True,503.0,6806,,,
verros.info,phishtank,0.01669396087527275,False,,0,,,
asesoriasenbadajoz.com,phishtank,0.0460796132683754,True,503.0,6816,,,
accesoriosguate.com,phishtank,0.0500071719288826,False,,0,,,
sbi-oc.top,phishtank,0.22962401807308197,True,503.0,6804,,,
sundeswap.com,phishtank,0.026036448776721954,False,,0,,,
nectarbodycare.com,jpcert,0.032687414437532425,True,503.0,6812,,,
lllysgy.com,jpcert,0.27560991048812866,True,503.0,6805,,,
empiregrp.net,phishtank,0.027227407321333885,True,503.0,6807,,,
areacivil.pt,phishtank,0.016799692064523697,True,503.0,6806,,,
biglobeservices.com,jpcert,0.006412240210920572,True,503.0,6813,,,
registroheca.com.ar,phishtank,0.009198694489896297,True,403.0,514,,,
bitconce.top,phishtank,0.13741850852966309,False,,0,,,
yourvacancytoday.click,phishtank,0.24793845415115356,False,,0,,,
ervilokma.com,jpcert,0.042383868247270584,False,,0,,,
galatasaraydanhaberler.com,phishtank,0.007085829507559538,True,503.0,6820,,,
losjes-events.nl,jpcert,0.012088467366993427,True,200.0,243368,True,contact|copyright,
samrockchem.com,phishtank,0.037140414118766785,True,503.0,6809,,,
dradenisechiquetti.com.br,phishtank,0.05868041142821312,True,503.0,6819,,,
agdefei.cn,jpcert,0.0406537689268589,True,503.0,6804,,,
almandb.net,jpcert,0.015414316207170486,True,503.0,6805,,,
controllodatibnl.com,phishtank,0.03504342585802078,False,,0,,,
steamworkshopvoting.com,phishtank,0.16534502804279327,False,,0,,,
akunronekeoyasmati.me,certificates,0.1270066350698471,False,,0,,,
mi-scotlabank.com,phishtank,0.07184705138206482,True,503.0,6811,,,
freebird.co.in,phishtank,0.10213477164506912,True,503.0,6808,,,
jkjzzl.com,certificates,0.2032051384449005,True,503.0,6804,,,
qresel.com,jpcert,0.027707580476999283,True,200.0,2161,unknown,,
dymisa.com,phishtank,0.03644473850727081,True,503.0,6804,,,
ua-logistics.com,phishtank,0.1199970543384552,True,503.0,6810,,,
fbarfiling.com,phishtank,0.02731507085263729,True,503.0,6808,,,
mon-creneau.com,phishtank,0.0855267345905304,True,503.0,6809,,,
gasforafrica.co.za,phishtank,0.061555180698633194,True,503.0,6812,,,
tlpdirect.com,jpcert,0.12657544016838074,True,503.0,6807,,,
tekniquegroup.com,phishtank,0.011208292096853256,True,200.0,7628,False,contact,suspended
home-i-land.jp,jpcert,0.03286951407790184,True,200.0,97800,True,contact|copyright|会社概要|お問い合わせ,
alvocerto.srv.br,certificates,0.06428057700395584,False,,0,,,
4boosters.com,jpcert,0.025367654860019684,True,200.0,158410,True,about us|contact|privacy policy,
shabanpourco.com,phishtank,0.03243521600961685,False,,0,,,
colegiolambert.cl,phishtank,0.029902372509241104,True,503.0,6811,,,
0bdypy5o.lat,phishtank,0.17183321714401245,False,,0,,,
ynsuofan.com,certificates,0.21157579123973846,True,503.0,6806,,,
anzoc.com,jpcert,0.019909938797354698,True,503.0,6803,,,
finedropmultilub.com,phishtank,0.03637150302529335,True,503.0,6814,,,
godoctor.com.ec,phishtank,0.057484209537506104,False,,0,,,
jjbyjh.com,jpcert,0.13015013933181763,True,503.0,6804,,,
shangeketang.com,jpcert,0.27435538172721863,False,,0,,,
zetalube.co.kr,phishtank,0.006282249931246042,True,503.0,6808,,,
mapsa.com.pe,phishtank,0.1310170590877533,True,503.0,6806,,,
lfzxwl.com,jpcert,0.11448729783296585,True,503.0,6804,,,
usataxirs.com,phishtank,0.07846571505069733,True,503.0,6807,,,
bishopmassenburg.com,jpcert,0.04133928567171097,True,503.0,6814,,,
leaders-cleaning.com,jpcert,0.14118368923664093,False,,0,,,
nalahouse.com,jpcert,0.07781925797462463,True,403.0,514,,,
smbc-cardnb.icu,phishtank,0.14525969326496124,True,503.0,6809,,,
vxxre.xyz,certificates,0.0703253373503685,False,,0,,,
canadiantranslator.ca,phishtank,0.0023433095775544643,True,503.0,6815,,,
sbiatecojp.com,phishtank,0.030851496383547783,False,,0,,,
ojyodcxuisnh.xyz,jpcert,0.052849024534225464,False,,0,,,
smpitabyfds.sch.id,phishtank,0.10665798932313919,True,503.0,6812,,,
aidijia999.com,jpcert,0.0949741080403328,True,503.0,6808,,,
buboaleimxrt.xyz,jpcert,0.03936346620321274,False,,0,,,
taxpayeridme.com,phishtank,0.006362186744809151,False,,0,,,
1coach.ir,jpcert,0.004049221519380808,True,,0,,,
hnjianguangming.com,certificates,0.13819032907485962,True,200.0,95690,unknown,,
gestaovelejar.com.br,jpcert,0.21334557235240936,True,200.0,831,unknown,,
shitkingz.com,jpcert,0.014495164155960083,True,200.0,114962,unknown,,
tianxiqianhe.com,jpcert,0.007904041558504105,True,,0,,,
wefindanyjob.com,jpcert,0.014345954172313213,False,,0,,,
westchinaphoto.com,certificates,0.027553679421544075,True,503.0,6812,,,
regeo.ch,phishtank,0.022564053535461426,True,503.0,6802,,,
roesfamily.com,jpcert,0.03681482747197151,False,,0,,,
umf.uem.mz,phishtank,0.03943832963705063,True,200.0,482,,,
bashline.jp,jpcert,0.04041292518377304,True,503.0,6805,,,
peregiacc.co.uk,phishtank,0.030574671924114227,False,,0,,,
logcorreiosimportacoes.co.ua,phishtank,0.04349520802497864,True,503.0,6822,,,
cheyinapp.com,certificates,0.038492485880851746,True,403.0,514,,,
88yuming.com,jpcert,0.2561687231063843,True,200.0,44082,True,about us|contact|privacy policy|copyright|company,
taxids.com,phishtank,0.03656375780701637,True,403.0,514,,,
hsotels.com,certificates,0.050625331699848175,True,503.0,6805,,,
chulekeji.com,certificates,0.0670839324593544,True,403.0,4548,,,
delfintour.sk,phishtank,0.027647636830806732,True,503.0,6807,,,
incident-reception.com,phishtank,0.21107541024684906,True,503.0,6816,,,
food4medxb.com,jpcert,0.04464273154735565,False,,0,,,
motorexpert.cz,phishtank,0.013591551221907139,True,503.0,6808,,,
thesudfactory.com,jpcert,0.016117779538035393,True,503.0,6811,,,
bis-usonic.eu,jpcert,0.04628497362136841,True,503.0,6807,,,
myjcb-link.me,jpcert,0.07162267714738846,True,503.0,6807,,,
valoloud.com,jpcert,0.05998332053422928,False,,0,,,
correos-slv.com,phishtank,0.010670904070138931,False,,0,,,
dasong.info,jpcert,0.07626011967658997,False,,0,,,
allstatecargoservice.com,phishtank,0.021144038066267967,False,,0,,,
utusiki.com,jpcert,0.0031640774104744196,True,200.0,157908,True,contact|company,
mizunowa.jp,jpcert,0.03168976679444313,True,200.0,67624,True,contact|copyright|company,
justweds.com,certificates,0.1335919350385666,True,200.0,77683,True,contact|copyright,
tugetuge.com,jpcert,0.06199878454208374,True,200.0,40440,unknown,,
nodesolveapp.xyz,phishtank,0.027690526098012924,False,,0,,,
paypay-co.jp,certificates,0.15855693817138672,False,,0,,,
kumbhatfinancialserviceslimited.com,phishtank,0.05373586714267731,True,200.0,124626,True,contact|copyright|company,
8ujshg.lat,phishtank,0.15637552738189697,False,,0,,,
tagomori.biz,jpcert,0.03835392743349075,True,503.0,6806,,,
generalgaming.ca,phishtank,0.22480496764183044,False,,0,,,
eastmeadowfillies.com,jpcert,0.06056331843137741,True,,0,,,
origenvlc.es,jpcert,0.007574592251330614,False,,0,,,
g6ns7e.cn,jpcert,0.1098121702671051,True,403.0,514,,,
dhjmsb.com,certificates,0.22635331749916077,True,503.0,6804,,,
timepieces.com.sg,phishtank,0.04599246010184288,True,403.0,514,,,
gadgetrate.com,jpcert,0.010644091293215752,False,,0,,,
houstonapartmentpk.com,phishtank,0.005600346252322197,True,503.0,6816,,,
cdntechone.com,phishtank,0.01151578314602375,True,200.0,12441,True,contact|privacy policy|terms of service,
funky-music.com,jpcert,0.08706752210855484,True,503.0,6809,,,
authflash.net,phishtank,0.07971841096878052,True,503.0,6807,,,
dongalo.com,jpcert,0.10097480565309525,True,403.0,514,,,
umeixlanhua.com,jpcert,0.19526445865631104,False,,0,,,
vegasnietoabogados.com,phishtank,0.03987061604857445,True,503.0,6816,,,
thatguy.cn,jpcert,0.028307437896728516,True,403.0,514,,,
pvciosna.es,phishtank,0.01374729722738266,True,503.0,6805,,,
trezor.io.in,phishtank,0.008622205816209316,True,503.0,6806,,,
magmafactura.com,phishtank,0.0073203216306865215,True,503.0,6810,,,
bqa82q.lat,phishtank,0.03441762179136276,False,,0,,,
paypayac.com,certificates,0.24401000142097473,False,,0,,,
aplice.net,jpcert,0.02718697115778923,True,503.0,6804,,,
ciberbluejb.com,phishtank,0.031999338418245316,True,503.0,6809,,,
acconsult.info,phishtank,0.005254657473415136,True,503.0,6808,,,
wjszgd.com,jpcert,0.16852203011512756,True,503.0,6804,,,
vgborges.com.br,phishtank,0.16461075842380524,True,503.0,6809,,,
zozo2726.cc,jpcert,0.19103369116783142,False,,0,,,
german-proofreader.co.uk,jpcert,0.09811531007289886,True,503.0,6818,,,
kurmoekoyanato.cc,certificates,0.2328164130449295,True,503.0,6811,,,
adpnypchecks.com,phishtank,0.065731480717659,False,,0,,,
g.bmb.jp,certificates,0.03009111061692238,True,403.0,199,,,
jyounan-kinzoku.co.jp,jpcert,0.10429283231496811,True,503.0,6815,,,
jacksonallenfirm.com,jpcert,0.03312485292553902,True,503.0,6814,,,
printingon5th.com,phishtank,0.031059015542268753,True,503.0,6811,,,
espace-relay.com,phishtank,0.15665897727012634,True,503.0,6810,,,
szonyegtisztito-karpittisztito.hu,jpcert,0.10859657824039459,True,200.0,28190,unknown,copyright,
sprl.in,phishtank,0.07606995105743408,False,,0,,,
infos-reiais.com,phishtank,0.2081703096628189,True,503.0,6810,,,
wly.li,phishtank,0.01108210626989603,False,,0,,,
nascentcell.com,certificates,0.19853346049785614,True,503.0,6809,,,
usuariosnetb.icu,phishtank,0.03549976646900177,False,,0,,,
emegastaffing.com,phishtank,0.030346006155014038,True,,0,,,
social-connections.com,jpcert,0.012366924434900284,True,503.0,6816,,,
brantsteel.com,jpcert,0.030985211953520775,True,503.0,6808,,,
hblanhai.com,certificates,0.06468352675437927,True,503.0,6806,,,
zuijianduan.com,jpcert,0.05172531679272652,True,503.0,6809,,,
bluffecommerce.com,phishtank,0.0038392816204577684,True,503.0,6812,,,
alejandroarcoscatalan.org,phishtank,0.005010165274143219,False,,0,,,
cehsenseos.icu,phishtank,0.03160487860441208,True,503.0,6808,,,
boxofthings.com,phishtank,0.030366715043783188,True,503.0,6809,,,
nsjagsnja.com,jpcert,0.028863754123449326,True,503.0,6807,,,
btunesdeguatemala.com,phishtank,0.044280849397182465,True,503.0,6815,,,
gujuantong.com,certificates,0.06316985189914703,True,403.0,4549,,,
choisislelocker.net,phishtank,0.023898888379335403,False,,0,,,
lpkoblsznes.com,phishtank,0.03644346818327904,False,,0,,,
drjohnlmohney.com,phishtank,0.030514568090438843,False,,0,,,
helpme-ppl.com,phishtank,0.0941777229309082,False,,0,,,
chauffeurz.com,jpcert,0.07051306217908859,True,503.0,6808,,,
trezorenable.com,phishtank,0.04213310033082962,False,,0,,,
cskilowatt.com,phishtank,0.018485363572835922,False,,0,,,
cakesbycary.com,phishtank,0.0251459963619709,True,503.0,6809,,,
55fanyong.com,certificates,0.008977326564490795,True,503.0,6807,,,
piyjha.cn,jpcert,0.2916666567325592,True,,0,,,
inkaqkanjsha.com,jpcert,0.17687100172042847,False,,0,,,
resocv.co,jpcert,0.015396669507026672,False,,0,,,
abodeprintsolutions.com,phishtank,0.02823663130402565,True,503.0,6817,,,
chrisphilpott.nz,phishtank,0.014251041226089,True,503.0,6810,,,
tg.ygerlach.de,phishtank,0.10053282976150513,True,503.0,6808,,,
tophealthinsurance.de,phishtank,0.018745873123407364,True,503.0,6815,,,
korfans.com,jpcert,0.07474705576896667,False,,0,,,
ddxlk.net,jpcert,0.009093846194446087,False,,0,,,
top5forextradingrobots.com,phishtank,0.005705341696739197,True,503.0,6820,,,
updoijw.top,jpcert,0.25400280952453613,False,,0,,,
insabelle.com,phishtank,0.07846571505069733,True,503.0,6807,,,
ramseslopez.com,jpcert,0.010251601226627827,True,503.0,6809,,,
exteriorvenecos.shop,phishtank,0.10279186069965363,False,,0,,,
mtalu.cn,jpcert,0.08258403092622757,True,403.0,514,,,
toshibafileexchange.com,jpcert,0.04243570193648338,True,406.0,226,,,
smartinl.com,jpcert,0.01840985380113125,True,200.0,90920,True,about us|contact|copyright|company,
aldapcon.ng,phishtank,0.06299376487731934,True,503.0,6805,,,
pixya.net,jpcert,0.0018050899961963296,False,,0,,,
jahsasoda.com,jpcert,0.2886902689933777,False,,0,,,
mugathuvaram.com,jpcert,0.027267206460237503,True,200.0,59943,True,about us|contact,
do77plus.com,phishtank,0.04830188676714897,False,,0,,,
ordark.com,phishtank,0.04689701274037361,True,503.0,6804,,,
spmmotors.in,phishtank,0.06533795595169067,True,503.0,6806,,,
curvesvietnam.com.vn,jpcert,0.09417910128831863,True,200.0,318976,unknown,,
cajatrujillo.biz,phishtank,0.023711366578936577,True,503.0,6810,,,
uspsserve.com,phishtank,0.046803224831819534,False,,0,,,
hohorcu.top,phishtank,0.2461957186460495,False,,0,,,
3cats.jp,jpcert,0.04824269562959671,True,503.0,6802,,,
worldcarveiculos.com.br,phishtank,0.057536378502845764,True,503.0,6817,,,
unitedreflections.com,phishtank,0.03225716948509216,True,406.0,226,,,
triasacorporation.com,phishtank,0.039700184017419815,True,503.0,6815,,,
adityaresidencypollachi.com,phishtank,0.10641913115978241,True,503.0,6821,,,
safhenegar.com,jpcert,0.03296205401420593,False,,0,,,
yesseafood.com,jpcert,0.06998986005783081,True,200.0,44148,True,about us|contact|privacy policy|copyright|company,
dappbuilder.org,phishtank,0.05913355201482773,True,503.0,6809,,,
mccampbellsgiftemporiumblog.com,phishtank,0.01224280335009098,True,503.0,6825,,,
thecreativetrunk.com,jpcert,0.03867493197321892,True,200.0,114,,,
cinov.cn,jpcert,0.04625605419278145,True,503.0,6802,,,
noaestedesuner.com,jpcert,0.03371712192893028,False,,0,,,
societecoral-united.com,phishtank,0.10117630660533905,False,,0,,,
meupediatra.com.br,phishtank,0.02533635124564171,True,503.0,6812,,,
metrictrk.com,phishtank,0.09721294045448303,True,503.0,6807,,,
siriananstock.com,phishtank,0.02764218859374523,True,503.0,6811,,,
oladapoogunjobi.com,jpcert,0.08744485676288605,True,436.0,0,,,
gmimission.org,jpcert,0.02607458271086216,True,200.0,86060,unknown,copyright,
zoom-howto.com,jpcert,0.07183926552534103,True,200.0,2633,unknown,copyright,
zqlqsbyxgs.com,jpcert,0.22119976580142975,True,503.0,6808,,,
interieursite.be,phishtank,0.020625900477170944,False,,0,,,
lihdesigns.com,jpcert,0.06531516462564468,False,,0,,,
deborahresinart.it,phishtank,0.07505146414041519,False,,0,,,
dolivro.com,jpcert,0.26785802841186523,False,,0,,,
silverantik.com.ar,phishtank,0.07953178137540817,True,503.0,6812,,,
okdxs.com,certificates,0.03342852741479874,True,,0,,,
armourersandbrasiers.co.uk,phishtank,0.025100527331233025,True,503.0,6820,,,
motokari.jp,jpcert,0.019901977851986885,True,200.0,3511,unknown,copyright,
bebimedicalgroup.cn,jpcert,0.032882463186979294,False,,0,,,
bikachao.com,jpcert,0.04172155633568764,True,,0,,,
videoproductions.info,phishtank,0.04930960759520531,True,503.0,6815,,,
hostnicaragua.com,jpcert,0.025920310989022255,True,503.0,6811,,,
hxtongen.com,phishtank,0.04442007839679718,True,503.0,6806,,,
mikehanney.com,certificates,0.008004095405340195,True,503.0,6808,,,
aashahospital.org,jpcert,0.02825595811009407,True,200.0,27030,True,about us|contact|copyright,
alltechlv.com,phishtank,0.03766457736492157,True,503.0,6807,,,
postnordtud.top,phishtank,0.14616787433624268,False,,0,,,
afslankbuddy.com,certificates,0.0070485807955265045,True,503.0,6810,,,
syracuseinvesting.com,jpcert,0.13320834934711456,True,403.0,514,,,
honeystuck.com,certificates,0.2234681397676468,True,200.0,1178,unknown,,
activationpanel.net,phishtank,0.006234637927263975,True,403.0,6813,,,
tekskoolz.com,jpcert,0.019612830132246017,False,,0,,,
zzyaolejk.com,certificates,0.08110073208808899,True,503.0,6807,,,
jwaveyj.top,jpcert,0.008507288061082363,True,503.0,6805,,,
satyarthi.uk,phishtank,0.05161081999540329,True,503.0,6806,,,
matsutanitomomi.com,jpcert,0.03171687573194504,True,200.0,3538,True,contact|copyright,
shinningweb.com,phishtank,0.03269999101758003,True,503.0,6809,,,
kuronekoyamwmato.top,jpcert,0.012106475420296192,False,,0,,,
cabinbaggagesize.com,jpcert,0.007454452570527792,True,503.0,6814,,,
galiciared.online,phishtank,0.10228025168180466,False,,0,,,
wangtuixj.com,certificates,0.033692553639411926,True,403.0,514,,,
inktheshirta.cc,certificates,0.08830028772354126,True,503.0,6809,,,
gesfgeuuw.icu,phishtank,0.09696080535650253,True,503.0,6807,,,
guriroom.blog,jpcert,0.2980770170688629,True,200.0,2315,unknown,,
facchsssd.com,jpcert,0.1962982565164566,False,,0,,,
taisei-food.com,jpcert,0.16987517476081848,True,503.0,6809,,,
enshrineplanners.com,phishtank,0.02022348716855049,True,503.0,6814,,,
whwangluo.com,certificates,0.03170189633965492,True,200.0,132988,True,contact|copyright,
bojeor.com,certificates,0.21661284565925598,False,,0,,,
creneau-de-mon-colis.com,phishtank,0.1307755708694458,True,503.0,6818,,,
giwpashion.xyz,jpcert,0.2037264108657837,False,,0,,,
ski-bbt.com,jpcert,0.10510051995515823,True,200.0,11123,unknown,copyright,
niquwsa.com,jpcert,0.031337860971689224,True,,0,,,
qhddpmall.com,jpcert,0.027175894007086754,True,,0,,,
kuronekoyamata.com,jpcert,0.08948051184415817,False,,0,,,
3q3qsq.com,jpcert,0.24971464276313782,False,,0,,,
opheliacoith.de,phishtank,0.033662162721157074,False,,0,,,
yuanchangping.com,jpcert,0.08359373360872269,False,,0,,,
kmiiuojsk.net.tr,jpcert,0.03036084771156311,False,,0,,,
govzfxi.life,phishtank,0.02346602827310562,False,,0,,,
sounectar.com.br,phishtank,0.0479678176343441,True,503.0,6810,,,
torvi.pt,phishtank,0.0525057427585125,True,503.0,6802,,,
chk.me,phishtank,0.012306338176131248,True,200.0,185066,True,contact|privacy policy|company,
shinkansenjr-central-co-jp.in,jpcert,0.1779417097568512,False,,0,,,
ydbktvozvz.top,jpcert,0.28530028462409973,False,,0,,,
takahashi-dental-cl.com,jpcert,0.10701166838407516,True,503.0,6817,,,
i-merchant.biz,jpcert,0.12692096829414368,True,200.0,334961,True,contact|copyright|company|会社概要,
nagata-k.net,jpcert,0.12525324523448944,True,200.0,224870,True,contact|copyright|お問い合わせ,
forumkahvesi.com,certificates,0.028577294200658798,True,503.0,6810,,,
fastpitchwebsite.com,phishtank,0.037948790937662125,True,200.0,0,,,
govee.icu,phishtank,0.21020418405532837,False,,0,,,
zlaysjme.com,jpcert,0.05882520601153374,True,503.0,6806,,,
sherryreis.com,jpcert,0.28577592968940735,False,,0,,,
hypr.ink,jpcert,0.056872762739658356,True,503.0,6802,,,
replug.link,phishtank,0.032510481774806976,True,503.0,6805,,,
uveozv.com,phishtank,0.29105934500694275,True,503.0,6804,,,
gujuxin.com,jpcert,0.25989723205566406,False,,0,,,
skiteup.com,jpcert,0.04129582643508911,True,503.0,6805,,,
context.vc,jpcert,0.24093309044837952,True,200.0,22915,True,copyright|company,
gidra.net,jpcert,0.0018050899961963296,True,503.0,6803,,,
borjeviel.ae,jpcert,0.015216163359582424,True,406.0,226,,,
gotera.net,phishtank,0.03663412481546402,True,200.0,13901,True,contact|copyright|company,
inexs.jp,jpcert,0.08665885776281357,True,200.0,288363,True,about us|contact|copyright|お問い合わせ,
com-tiarxzsi.icu,phishtank,0.021574046462774277,False,,0,,,
amazons.top,certificates,0.06582579761743546,False,,0,,,
ea-quality.com,jpcert,0.14387166500091553,True,404.0,24972,,,
pizzeria-le34.com,phishtank,0.09573321044445038,True,503.0,6811,,,
relais-colis-creneau.com,phishtank,0.20171025395393372,False,,0,,,
jipiaoonline.com,certificates,0.09501191973686218,True,503.0,6810,,,
jztci.com,jpcert,0.019446730613708496,True,503.0,6803,,,
75kx.com,certificates,0.12246114760637283,True,503.0,6802,,,
elcancernodiscrimina.com,phishtank,0.022999705746769905,True,403.0,358,,,
ladamicopizza.com,phishtank,0.03471647575497627,True,503.0,6811,,,
buouxi.cn,certificates,0.027422050014138222,True,503.0,6803,,,
xdigitalacademy.com,jpcert,0.04553112015128136,True,503.0,6813,,,
thegamerhouse.com,jpcert,0.03420946002006531,True,404.0,3060,,,
jtqfk.com,jpcert,0.14273609220981598,True,503.0,6803,,,
eyegeorgetown.com,jpcert,0.008585862815380096,True,200.0,63545,True,about us|contact|copyright,
kobcastgroup.com,jpcert,0.03482005372643471,False,,0,,,
bd7apvpi.lat,phishtank,0.01475039217621088,False,,0,,,
cgy1314.com,phishtank,0.040828924626111984,True,503.0,6805,,,
wofowon.org.np,phishtank,0.21956290304660797,True,200.0,72882,True,about us|contact|privacy policy|copyright,
menelisi.com,jpcert,0.19000950455665588,False,,0,,,
espace-lockers.com,phishtank,0.204593688249588,True,503.0,6812,,,
getapps.vip,phishtank,0.011160104535520077,True,503.0,6805,,,
photoniccrystal.cn,jpcert,0.2160637527704239,True,403.0,514,,,
hnlangsha.net,certificates,0.14536279439926147,True,503.0,6807,,,
movaseagencia.com.br,phishtank,0.1578555703163147,True,503.0,6814,,,
mopty.cn,jpcert,0.022769425064325333,True,503.0,6802,,,
reiona.co,jpcert,0.011868108995258808,False,,0,,,
juniperwoodworks.com,jpcert,0.0010279841953888535,False,,0,,,
senva.com.cn,certificates,0.12326689064502716,True,404.0,0,,,
richyda.com,phishtank,0.05847812071442604,False,,0,,,
leadspro.com.br,phishtank,0.04342446103692055,False,,0,,,
gabihazut.co.il,phishtank,0.02388036996126175,True,503.0,6809,,,
acenmxcosexmeco.cc,jpcert,0.1768108457326889,True,503.0,6812,,,
sfvog.cn,phishtank,0.281958669424057,True,503.0,6802,,,
robonelectric.co.za,phishtank,0.04558563232421875,True,503.0,6813,,,
owtltigtp.cn,phishtank,0.16341719031333923,True,503.0,6806,,,
freshealingtouch.com,phishtank,0.020146651193499565,True,503.0,6814,,,
elguruweb.com,jpcert,0.03356771171092987,True,200.0,179192,True,about us|contact|copyright,
jademorgan.co.nz,phishtank,0.054495032876729965,True,503.0,6810,,,
entrepots-colis.com,phishtank,0.1044095978140831,True,503.0,6813,,,
usna85.com,jpcert,0.19819122552871704,False,,0,,,
0517gwjd.com,jpcert,0.2869344651699066,False,,0,,,
wotonline.de,jpcert,0.015710970386862755,True,503.0,6806,,,
largo-morioka.com,jpcert,0.11183382570743561,True,200.0,30416,unknown,contact,
junkedit.com,certificates,0.08633650839328766,True,503.0,6806,,,
blushseo.com,certificates,0.17045733332633972,True,503.0,6806,,,
andrewshoteles.com,phishtank,0.03209458291530609,True,503.0,6812,,,
awningsdc.com,phishtank,0.05612931773066521,True,503.0,6807,,,
calvinchina.com,jpcert,0.007220766507089138,True,200.0,5396,unknown,,
cstraders.net,phishtank,0.03634103015065193,True,503.0,6807,,,
pumpoutservice.com,jpcert,0.24446755647659302,True,503.0,6812,,,
jnvnanded.com,jpcert,0.0671914741396904,False,,0,,,
vineria-lavolpe.com,jpcert,0.11617819964885712,True,200.0,501,unknown,,
alshokri.com,phishtank,0.05616352707147598,True,503.0,6806,,,
vip5vip.com,certificates,0.18858908116817474,True,403.0,1972,,,
naimatabbasind.com,phishtank,0.03458148241043091,True,503.0,6812,,,
sadaohospital.go.th,jpcert,0.024620717391371727,True,200.0,27795,unknown,copyright,
tceband.info,phishtank,0.04604412242770195,True,503.0,6806,,,
tanxa.cn,jpcert,0.27780619263648987,False,,0,,,
alessandrodiana.it,phishtank,0.013204275630414486,True,503.0,6812,,,
bullpaw.com,jpcert,0.01261683739721775,True,503.0,6805,,,
mayatrades.com,jpcert,0.019224748015403748,False,,0,,,
barbararichardson.com,jpcert,0.027827221900224686,True,503.0,6815,,,
thechapelocala.com,phishtank,0.029718562960624695,True,503.0,6812,,,
ccsq.net,jpcert,0.052623506635427475,False,,0,,,
aditi-llc.com,certificates,0.04139744117856026,True,503.0,6807,,,
sita-gmbh.com,phishtank,0.03820107877254486,True,503.0,6807,,,
primatebrace.com,jpcert,0.14385747909545898,True,503.0,6810,,,
armoniaterapias.cl,phishtank,0.19886568188667297,True,503.0,6812,,,
TiNy.Cc,certificates,0.10795243084430695,True,200.0,17767,True,contact|copyright,
accountwallstreet.com,jpcert,0.12026355415582657,False,,0,,,
ilcaffetorinese.eu,jpcert,0.02766125276684761,True,403.0,318,,,
okinawa-design.jp,jpcert,0.020336318761110306,True,200.0,63846,True,about us|copyright,
inredesign.pl,phishtank,0.01106954924762249,True,503.0,6807,,,
fondazionefoa.it,phishtank,0.0422285795211792,True,503.0,6810,,,
nkgw.net,jpcert,0.02001732774078846,True,200.0,665,unknown,,
vitchella-group.com,phishtank,0.0588979497551918,False,,0,,,
spoo.me,phishtank,0.0057218363508582115,True,503.0,6801,,,
apartamentosnaplantasjc.com,phishtank,0.2904638648033142,True,503.0,6821,,,
tcial.jp,jpcert,0.06827936321496964,True,200.0,83459,True,contact|copyright|company|会社概要|お問い合わせ,
chlds.com,phishtank,0.055572643876075745,True,503.0,6803,,,
5ikjskj7.lat,phishtank,0.0922556221485138,False,,0,,,
infinitytasker.com,phishtank,0.08959763497114182,True,503.0,6812,,,
baahskdndnxnshwhehe.com,phishtank,0.05891747772693634,True,503.0,6817,,,
106unofm.com,phishtank,0.05370180681347847,True,503.0,6806,,,
sunpasstollsbill.com,phishtank,0.007898659445345402,True,503.0,6814,,,
newsletters.comu.su,phishtank,0.029312388971447945,False,,0,,,
clavefiscal-aflp.com,phishtank,0.2586379945278168,False,,0,,,
cafsrl.com.ar,jpcert,0.07193850725889206,True,200.0,11378,True,contact|copyright,
egyfreeze.com,phishtank,0.051190055906772614,True,503.0,6807,,,
52976.net,phishtank,0.2135792076587677,True,503.0,6803,,,
bnkchiba.com,jpcert,0.23130732774734497,False,,0,,,
hfsvfn.icu,phishtank,0.058681659400463104,False,,0,,,
jpmercari.org,jpcert,0.19361092150211334,True,503.0,6807,,,
sushiproutah.com,phishtank,0.04041755944490433,True,403.0,514,,,
biechulife.com,jpcert,0.07895821332931519,True,200.0,44320,True,about us|contact|privacy policy|copyright|company,
tiongang.com,jpcert,0.008572883903980255,True,503.0,6806,,,
fenzgard.com,phishtank,0.015641791746020317,True,503.0,6806,,,
spacedoing.com,jpcert,0.11402007937431335,True,503.0,6808,,,
davisinteriordesigner.com,phishtank,0.1092660129070282,True,503.0,6819,,,
chrome-up.club,certificates,0.2579754889011383,False,,0,,,
storetech.pe,phishtank,0.07306128740310669,True,406.0,226,,,
ksatnam.com,phishtank,0.028684090822935104,True,503.0,6805,,,
fpt.one,phishtank,0.003079950576648116,True,200.0,19810,unknown,,
authactivityreport.com,phishtank,0.005899863317608833,False,,0,,,
masterclicsolutions.com,phishtank,0.02639695629477501,True,503.0,6817,,,
us-consulting.co.jp,jpcert,0.09671846032142639,True,200.0,30999,True,contact|copyright|company,
iplogger.cn,phishtank,0.015815244987607002,True,503.0,6805,,,
jhdtoken.com,phishtank,0.030048349872231483,True,503.0,6806,,,
e-eisin.com,jpcert,0.1401991993188858,True,200.0,9045,True,contact|copyright|company,
guangxingcun.com,certificates,0.03231135010719299,True,503.0,6810,,,
canalcxtsuporte.com,phishtank,0.02503816969692707,True,503.0,6813,,,
1mafu.com,jpcert,0.1548510491847992,True,503.0,6803,,,
caronl.com,certificates,0.05953088030219078,True,200.0,44014,True,about us|contact|privacy policy|copyright|company,
www-xfntysassistancehub-com.work.gd,phishtank,0.1644449383020401,True,,0,,,
kotaroproduction.com,jpcert,0.04807208478450775,True,200.0,89584,True,contact|copyright|お問い合わせ,
fonsekasinsong.com,phishtank,0.03494662418961525,True,503.0,6812,,,
seasidesurfshop.shop,jpcert,0.2508982717990875,False,,0,,,
fr-mondial-relais.com,phishtank,0.1253664642572403,True,503.0,6815,,,
ink-a.co.il,jpcert,0.1128297671675682,False,,0,,,
d14yivgrx6.icu,phishtank,0.26242250204086304,False,,0,,,
ameritecrealty.com,jpcert,0.23576298356056213,True,503.0,6812,,,
lopezingenieria.com.ar,phishtank,0.11364110559225082,True,503.0,6816,,,
re-amendes-gouv.com,phishtank,0.2679436206817627,True,503.0,6813,,,
gjilan.al,jpcert,0.036217108368873596,True,200.0,59559,unknown,,
kuronekoyamauhto.co,jpcert,0.007159097120165825,False,,0,,,
resooa.com,jpcert,0.017413455992937088,False,,0,,,
tanteaisha.nl,phishtank,0.014616460539400578,True,200.0,5631,unknown,,
net-helps-gate.com,phishtank,0.14368131756782532,True,503.0,6812,,,
zihi-seikotsuin.com,jpcert,0.11617819964885712,True,403.0,2843,,,
steviclogistics.com,jpcert,0.061474040150642395,False,,0,,,
hoare.com.au,jpcert,0.05868259817361832,True,503.0,6806,,,
kandcrecycling.co.za,jpcert,0.056300193071365356,True,503.0,6814,,,
bsioperaciones.com,phishtank,0.05193072557449341,True,503.0,6812,,,
rewindblog.com,jpcert,0.0219715628772974,False,,0,,,
sumup.root.sx,phishtank,0.05603700131177902,False,,0,,,
iberoprint.com,jpcert,0.06564603745937347,True,503.0,6808,,,
hansonfiction.com,jpcert,0.06651360541582108,True,403.0,6764,,,
lickhers.com,jpcert,0.036036405712366104,True,200.0,114,,,
blackcolt.cn,certificates,0.021470271050930023,True,503.0,6806,,,
penglipur.com,jpcert,0.2544781565666199,False,,0,,,
wwt-hygiene.com,jpcert,0.10668043792247772,True,503.0,6809,,,
huidianpower.com,certificates,0.11210647225379944,True,503.0,6810,,,
imsj.cn,jpcert,0.05568351969122887,True,503.0,6801,,,
adwz.cn,phishtank,0.0643543004989624,True,503.0,6801,,,
3tdvt.lat,phishtank,0.08149326592683792,False,,0,,,
fincen-us.info,phishtank,0.19847014546394348,False,,0,,,
mentasystem.net,phishtank,0.009779871441423893,True,503.0,6809,,,
hpceducation.org,phishtank,0.028108593076467514,True,503.0,6810,,,
pms-agency.com,jpcert,0.08629606664180756,True,500.0,2653,,,
ms-sharepoint-files-download.xyz,phishtank,0.04686740040779114,False,,0,,,
kp-law.jp,jpcert,0.05713377147912979,True,200.0,33640,True,copyright|お問い合わせ,
cmdvitorborges.com,phishtank,0.031055020168423653,True,503.0,6812,,,
silvercrestbank.com,phishtank,0.030172929167747498,True,200.0,128569,True,about us|contact,
sakuraganka.com,jpcert,0.030440956354141235,True,200.0,8575,True,contact|copyright,
storemasr.com,phishtank,0.05919841676950455,True,503.0,6807,,,
thebabytheater.com,phishtank,0.0492585226893425,True,503.0,6812,,,
sml-eg.com,phishtank,0.06012960523366928,True,503.0,6804,,,
exaccenture.com,phishtank,0.2553551197052002,False,,0,,,
usps-pyc.com,phishtank,0.08811446279287338,False,,0,,,
portal-auone.com,jpcert,0.24198563396930695,True,503.0,6810,,,
bgeijs.com,jpcert,0.2373611479997635,True,503.0,6804,,,
medly4u.com,jpcert,0.016032442450523376,True,503.0,6805,,,
cartaoagora.com,jpcert,0.0069696675054728985,True,403.0,4550,,,
rssouo.co,jpcert,0.0060452986508607864,False,,0,,,
uiofgncbzxc.com,jpcert,0.018404489383101463,False,,0,,,
iibxg.com,certificates,0.010013646446168423,True,403.0,4544,,,
verife-mob.com,phishtank,0.1641707718372345,False,,0,,,
itpronetwork.net,phishtank,0.028681188821792603,True,503.0,6810,,,
archi.builders,jpcert,0.0012706024572253227,True,200.0,3447,unknown,copyright,
tecnologiaprofesional.com,phishtank,0.08490565419197083,True,503.0,6819,,,
gerardoalvarezarquitecto.com,phishtank,0.08485652506351471,False,,0,,,
hcimportadora.cl,phishtank,0.05147948116064072,True,503.0,6810,,,
cvioz.cn,phishtank,0.058986254036426544,True,503.0,6802,,,
solvatechnologies.com,jpcert,0.040973030030727386,False,,0,,,
bqbq.de,phishtank,0.019651327282190323,True,503.0,6801,,,
musiquelevis.com,certificates,0.00834992527961731,True,503.0,6810,,,
cslse.com,certificates,0.017290815711021423,True,503.0,6803,,,
postbern.cc,phishtank,0.029945719987154007,False,,0,,,
sh-ort.app,jpcert,0.29699668288230896,True,503.0,6804,,,
dileoid.com,certificates,0.011949889361858368,True,403.0,4546,,,
overagamecanstrengthen.com,phishtank,0.022883238270878792,True,503.0,6820,,,
dibare.com,certificates,0.039752308279275894,True,200.0,77043,unknown,contact,
shristingo.com,phishtank,0.028247231617569923,True,503.0,6808,,,
dellavillas.com,phishtank,0.0547175295650959,True,503.0,6809,,,
stolldesignz.com,phishtank,0.016083355993032455,False,,0,,,
mondialdepot.com,phishtank,0.020302262157201767,True,503.0,6810,,,
yayasansclerodermaindonesia.org,jpcert,0.010620120912790298,True,403.0,4984,,,
eurobajar.com,jpcert,0.2885594964027405,False,,0,,,
mrelay-servicefr.com,phishtank,0.12154462933540344,False,,0,,,
gptyq.com,certificates,0.10860738903284073,True,503.0,6803,,,
amzawszone.online,jpcert,0.07290340214967728,False,,0,,,
shresthasameerman.com.np,phishtank,0.05559467151761055,True,503.0,6818,,,
hlotfiseismologist.com,jpcert,0.07441411912441254,False,,0,,,
bmlahmokhb.com,jpcert,0.15156491100788116,False,,0,,,
suivi-livraison-relay.com,phishtank,0.010532738640904427,False,,0,,,
helpsecureme.com.es,phishtank,0.017937317490577698,False,,0,,,
villaandreas.gr,phishtank,0.038054246455430984,True,503.0,6809,,,
loli.tuidao.me,jpcert,0.06993593275547028,True,503.0,6808,,,
industriasclaudette.com,jpcert,0.02324580028653145,True,503.0,6817,,,
uvebto.com,phishtank,0.2769995927810669,True,503.0,6804,,,
dnbgyiengh.top,phishtank,0.11018379777669907,True,503.0,6808,,,
itsssl.com,jpcert,0.17131131887435913,True,200.0,84039,True,contact|privacy policy|copyright,
sangally-decor.com,certificates,0.018434250727295876,True,503.0,6812,,,
mrw.so,certificates,0.019041286781430244,False,,0,,,
acztd.com,jpcert,0.1977677196264267,True,503.0,6803,,,
251az4.lat,phishtank,0.048906974494457245,False,,0,,,
wauiolm.com,jpcert,0.01022424828261137,False,,0,,,
pandithsushanth.com,phishtank,0.028007324784994125,False,,0,,,
depadovawest.com.ng,jpcert,0.2610529363155365,True,503.0,6813,,,
vpasso.top,certificates,0.23856289684772491,False,,0,,,
videospeludas.com,jpcert,0.29315459728240967,True,503.0,6811,,,
sientetemejor.com,phishtank,0.031003909185528755,True,503.0,6811,,,
relaie-colis.com,phishtank,0.23865346610546112,True,503.0,6810,,,
ccpictures.com,jpcert,0.012053404934704304,True,503.0,6808,,,
carbonus.co.uk,jpcert,0.017218351364135742,False,,0,,,
bohaikj.com,jpcert,0.1269960254430771,True,503.0,6805,,,
5eyvdyee.lat,phishtank,0.02360195852816105,False,,0,,,
tanimukai.or.jp,jpcert,0.02163497544825077,True,503.0,6809,,,
trajet-uiys.com,phishtank,0.18916632235050201,True,503.0,6809,,,
logguscorretora.online,phishtank,0.09047500044107437,False,,0,,,
chesnutforestry.com,certificates,0.27363482117652893,False,,0,,,
arzaalimentos.com.br,phishtank,0.0997631624341011,True,503.0,6814,,,
marwawater.com,phishtank,0.05607391148805618,True,503.0,6808,,,
bistanbuldanismanlik.com,jpcert,0.04941711202263832,False,,0,,,
veasf.cn,phishtank,0.23697805404663086,True,503.0,6802,,,
taboonat.com,phishtank,0.046856511384248734,True,503.0,6806,,,
bridgeinit.org,phishtank,0.06316985189914703,True,503.0,6808,,,
mybulldozer.com,certificates,0.10854922980070114,True,503.0,6809,,,
nimble.li,phishtank,0.0027570598758757114,True,200.0,148211,False,privacy policy,suspended
ashaviglobal.com,jpcert,0.030664371326565742,True,200.0,1706,unknown,,
japanpast.com,jpcert,0.25332343578338623,True,503.0,6807,,,
estafetaqo.top,phishtank,0.010392379015684128,False,,0,,,
lampein.cn,jpcert,0.029699573293328285,True,403.0,514,,,
wikireal.in,phishtank,0.00466360617429018,True,503.0,6805,,,
exteriornexoaca.shop,phishtank,0.15150399506092072,False,,0,,,
jp-rakuten.net,jpcert,0.0038720492739230394,False,,0,,,
uiyspeage.com,phishtank,0.06363619863986969,False,,0,,,
chuanqiwujin.com,certificates,0.0062811546958982944,True,503.0,6810,,,
soilsta.co.za,jpcert,0.04440109431743622,False,,0,,,
wxappr.com,certificates,0.03510579466819763,True,503.0,6804,,,
dflash.com.br,phishtank,0.08414800465106964,True,200.0,187738,unknown,copyright,
ouvih.cn,jpcert,0.24633397161960602,True,503.0,6802,,,
ume.la,phishtank,0.0032601833809167147,True,503.0,6800,,,
expy.top,jpcert,0.10301856696605682,False,,0,,,
sb1seclive5.com,phishtank,0.27476081252098083,False,,0,,,
sb1-sec-astasiai.com,phishtank,0.10167251527309418,True,503.0,6814,,,
takumiworld.jp,jpcert,0.06349828094244003,False,,0,,,
yagimama.com,jpcert,0.03301512449979782,True,200.0,100465,True,contact|copyright|お問い合わせ,
telegerms.com,phishtank,0.035210344940423965,False,,0,,,
monkeygumbo.com,jpcert,0.05622738599777222,True,200.0,565,unknown,,
flarexrpconnect-network.com,phishtank,0.1021251529455185,False,,0,,,
bharathexports.com,jpcert,0.12293761968612671,False,,0,,,
u3l.co,phishtank,0.01000239234417677,True,503.0,6800,,,
mondial-probleme.com,phishtank,0.010276800952851772,False,,0,,,
pentake.com,jpcert,0.1267339587211609,True,503.0,6805,,,
palby.info,certificates,0.21068905293941498,False,,0,,,
phuongso.com,phishtank,0.01728544384241104,True,503.0,6806,,,
3stepads.com,jpcert,0.15117186307907104,False,,0,,,
thechickweed.com,certificates,0.005617491900920868,True,403.0,6810,,,
arkaskinclinic.com,phishtank,0.0247102752327919,True,503.0,6812,,,
techwillow.com,jpcert,0.07270553708076477,True,503.0,6808,,,
evenements-beziers.fr,phishtank,0.06137506291270256,True,503.0,6815,,,
mexperiencia.com,phishtank,0.058580297976732254,True,503.0,6810,,,
tl7999.com,jpcert,0.07908554375171661,False,,0,,,
auraacres.com,jpcert,0.06437931209802628,False,,0,,,
askgriff.com,phishtank,0.04592708870768547,True,503.0,6806,,,
pejuangbaik.com,jpcert,0.053270332515239716,True,503.0,6809,,,
mondiaicolisexpress.com,phishtank,0.05381180718541145,True,503.0,6817,,,
mysterdeals.com,jpcert,0.016340527683496475,True,409.0,6455,,,
7vah.top,phishtank,0.16726309061050415,False,,0,,,
1tftdctr2.lat,phishtank,0.2023453563451767,False,,0,,,
jwesteng.com,jpcert,0.04725572466850281,True,503.0,6806,,,
zzhaoqn.cn,jpcert,0.03198012709617615,True,403.0,4545,,,
short.bid,phishtank,0.03811001032590866,True,503.0,6803,,,
solde-ulys.com,phishtank,0.1597004532814026,False,,0,,,
estudiojuri.online,jpcert,0.1005648523569107,False,,0,,,
maper.info,phishtank,0.006819247733801603,True,200.0,67730,True,contact|privacy policy|copyright|company,
reglement-somme.com,phishtank,0.19629979133605957,True,503.0,6813,,,
huangjiagj.com,jpcert,0.03483683243393898,True,403.0,514,,,
brooksclubs.org,phishtank,0.07800200581550598,False,,0,,,
marcoandreseguros.com.br,jpcert,0.07193644344806671,True,500.0,0,,,
lckgw.com,jpcert,0.054192494601011276,False,,0,,,
ruralmi.com,jpcert,0.06582579761743546,True,200.0,54967,True,about us|contact|privacy policy|copyright|company,
thedigitaldelta.com,jpcert,0.05593939498066902,True,406.0,1164,,,
famoty.cn,jpcert,0.2866302728652954,True,503.0,6803,,,
myrenewelt.com,phishtank,0.01712915115058422,False,,0,,,
ssenclave.org,phishtank,0.16368041932582855,False,,0,,,
sreqmcomnumnlty.com,phishtank,0.014532335102558136,True,503.0,6813,,,
jxomgd.com,jpcert,0.2027500420808792,True,503.0,6804,,,
tsskpk.com,phishtank,0.13393919169902802,True,503.0,6804,,,
atproaudio.com,phishtank,0.048397861421108246,False,,0,,,
portalsyncs.site,phishtank,0.2738131582736969,False,,0,,,
rewards-mantra.com,phishtank,0.2755291759967804,True,503.0,6812,,,
choix-creneau-mondialrelay.com,phishtank,0.09763514995574951,True,503.0,6824,,,
oioaqf.cc,jpcert,0.15428540110588074,True,503.0,6803,,,
gwinnettathome.com,certificates,0.047180138528347015,False,,0,,,
e9u.cc,certificates,0.04165688157081604,True,503.0,6800,,,
pnqmdib.top,jpcert,0.2868109345436096,False,,0,,,
icellsn.com,certificates,0.049313049763441086,True,,0,,,
cloudserverlnfo2025.com,phishtank,0.06415817141532898,False,,0,,,
bdxhdl.com,certificates,0.22901692986488342,True,403.0,4545,,,
banghexep.com,jpcert,0.07808823883533478,True,503.0,6807,,,
frasemusical54.com,phishtank,0.028994159772992134,True,503.0,6812,,,
hederloko.co,phishtank,0.2491607964038849,False,,0,,,
hroffline.com,certificates,0.08968476206064224,True,200.0,80771,unknown,copyright,
sacrylab.com,jpcert,0.023839939385652542,True,200.0,306622,unknown,copyright,
kavakyeli.com,jpcert,0.2041088193655014,False,,0,,,
myausefttx.com,jpcert,0.011039694771170616,False,,0,,,
jgc-algeria.com,phishtank,0.06646397709846497,True,503.0,6809,,,
tecnochin.com,phishtank,0.023232320323586464,True,503.0,6807,,,
happypet.mx,jpcert,0.04056712985038757,True,503.0,6805,,,
diademsolutions.com,phishtank,0.036022115498781204,True,503.0,6813,,,
dctgadget.com,phishtank,0.041628822684288025,False,,0,,,
mi-ll.com,jpcert,0.10201109945774078,True,503.0,6803,,,
kr.pe,phishtank,0.11854308843612671,True,503.0,6799,,,
duckar.com,jpcert,0.02941226027905941,True,200.0,183635,True,contact|copyright,
ikhwantv.com,jpcert,0.050488244742155075,True,500.0,34352,,,
coconiwa.jp,jpcert,0.01813698746263981,True,503.0,6805,,,
emerecreatio.com,certificates,0.014397396706044674,False,,0,,,
sonatahouse.school,phishtank,0.006515683140605688,True,503.0,6812,,,
portail-forfait.com,phishtank,0.24209652841091156,True,503.0,6813,,,
americaexpre.com,certificates,0.09513074904680252,False,,0,,,
secured-msg-verified.com,phishtank,0.012149585410952568,False,,0,,,
felicity.jp,jpcert,0.047572724521160126,True,403.0,2843,,,
gamesens.ir,phishtank,0.06987866759300232,False,,0,,,
gsdqsjzs.com,jpcert,0.22486725449562073,True,503.0,6806,,,
egovpmc.com,jpcert,0.018139563500881195,True,503.0,6805,,,
67768899.com,phishtank,0.29624634981155396,False,,0,,,
nichirosoken.com,jpcert,0.030814437195658684,True,200.0,5726,True,contact|copyright,
denawujin.com,jpcert,0.05297252535820007,True,503.0,6807,,,
tepcocheckout.me,certificates,0.20168715715408325,False,,0,,,
vcsr.cn,jpcert,0.0919237807393074,True,503.0,6801,,,
hongxianghs.com,certificates,0.06606990098953247,True,503.0,6809,,,
skxsh.com,jpcert,0.06848025321960449,True,503.0,6803,,,
liangjiehb.com,certificates,0.049541130661964417,False,,0,,,
asdasdasdasd.life,phishtank,0.23828670382499695,False,,0,,,
shiners-uae.com,phishtank,0.0821976512670517,True,503.0,6809,,,
hongbxs.com,certificates,0.2868109345436096,True,503.0,6805,,,
chasicoweb.com,phishtank,0.030851414427161217,True,503.0,6808,,,
cueseuoet.xyz,phishtank,0.09737780690193176,False,,0,,,
niudindi.com,certificates,0.04352925345301628,True,503.0,6806,,,
synergyminerals.in,phishtank,0.027995839715003967,True,503.0,6812,,,
mercar.cyou,jpcert,0.19245673716068268,False,,0,,,
xmhpd5bk1.de,phishtank,0.059277910739183426,True,503.0,6806,,,
proyectaventures.com,phishtank,0.031990908086299896,True,503.0,6814,,,
xajkhbj.com,certificates,0.1449267715215683,True,200.0,31963,True,contact|copyright,
jp-pay.me,jpcert,0.06761136651039124,False,,0,,,
qa1ej7.lat,phishtank,0.02421456016600132,False,,0,,,
nmwlife.com,phishtank,0.005372428335249424,True,503.0,6805,,,
amexopnfz.jp,jpcert,0.22839315235614777,True,503.0,6806,,,
ezeebook.com.au,phishtank,0.03506793826818466,True,403.0,514,,,
sirop.jp,jpcert,0.033707570284605026,True,503.0,6802,,,
espacioroma.com,phishtank,0.037983238697052,False,,0,,,
irsportalonline.com,phishtank,0.005896088667213917,False,,0,,,
mukaizumi.com,jpcert,0.05454108491539955,True,503.0,6807,,,
sonapta.sn,jpcert,0.0631803348660469,False,,0,,,
aeryinstruments.com,jpcert,0.041522521525621414,True,503.0,6813,,,
toprocese.life,jpcert,0.24172204732894897,False,,0,,,
anestinnature.com,certificates,0.03420946002006531,False,,0,,,
lekoginhr.top,phishtank,0.03074995055794716,False,,0,,,
kaiguifs.com,certificates,0.011450209654867649,True,,0,,,
zhoujcbli.shop,phishtank,0.26324743032455444,False,,0,,,
tuniway.com,certificates,0.21547214686870575,True,403.0,514,,,
probleme-envoi.com,phishtank,0.26816073060035706,True,503.0,6812,,,
asset-design.jp,jpcert,0.03632419928908348,True,200.0,16866,True,about us|contact|copyright|company|会社概要|お問い合わせ,
dmgver.top,phishtank,0.12427299469709396,False,,0,,,
smbc-cardbv.icu,phishtank,0.11146125942468643,True,503.0,6809,,,
ilkalcoopbank.com,phishtank,0.036483656615018845,True,503.0,6811,,,
hfdplastic.com,certificates,0.02243156172335148,True,503.0,6808,,,
relieveaucards.com,jpcert,0.0851145088672638,False,,0,,,
paulrenner.net,phishtank,0.027570169419050217,True,200.0,35007,True,contact|copyright,
carenet.lk,jpcert,0.05559716746211052,False,,0,,,
metacenter.com.mx,jpcert,0.27949655055999756,True,503.0,6811,,,
tudosobretodos.se,phishtank,0.0074513377621769905,True,503.0,6811,,,
arqrise.co.jp,jpcert,0.03569570556282997,True,403.0,2843,,,
beiduxww.com,jpcert,0.0848899707198143,True,503.0,6806,,,
flickclick.jp,jpcert,0.028545422479510307,True,200.0,163616,True,contact|company|お問い合わせ,
bin.st,jpcert,0.08142124116420746,False,,0,,,
drclareallen.com,jpcert,0.029468782246112823,True,503.0,6810,,,
karresults-nic-in.in,phishtank,0.008798125199973583,True,503.0,6814,,,
tostudydrycleaning.ru,phishtank,0.008255669847130775,True,200.0,216,,,
dgsimx.com,certificates,0.03268973156809807,True,503.0,6804,,,
balsamicam.it,phishtank,0.08271070569753647,True,503.0,6807,,,
livingcolour.co.jp,jpcert,0.03067827597260475,True,200.0,1144603,True,contact|copyright,
axhotelsmaltas.com,phishtank,0.028668925166130066,False,,0,,,
server-jp.icu,phishtank,0.010374283418059349,False,,0,,,
hljspys.com,certificates,0.2625788450241089,False,,0,,,
ezpassix.com,phishtank,0.029175637289881706,False,,0,,,
lk-medical.net,jpcert,0.11335495859384537,True,503.0,6808,,,
asiabow.com,jpcert,0.039637502282857895,True,503.0,6805,,,
legomania.net,phishtank,0.09320961683988571,False,,0,,,
xiaomoerp.com,jpcert,0.1477895826101303,True,403.0,146,,,
usatodaty.com,jpcert,0.049095749855041504,False,,0,,,
gamerzchoices.com,phishtank,0.027413848787546158,True,503.0,6811,,,
endopeel.fr,jpcert,0.04140971601009369,True,200.0,112939,True,contact|copyright,
dmaerket.click,phishtank,0.061245135962963104,True,503.0,6808,,,
estv-eportal.com,phishtank,0.011540751904249191,False,,0,,,
harcofed.org.in,phishtank,0.08591529726982117,True,503.0,6809,,,
0udoep.lat,phishtank,0.03834987059235573,False,,0,,,
misrsmart.com,phishtank,0.03615056723356247,True,503.0,6807,,,
TINy.Cc,certificates,0.10795243084430695,True,200.0,17786,True,contact|copyright,
keymancarpets.com,phishtank,0.22214068472385406,False,,0,,,
mondiai-retard.com,phishtank,0.27225086092948914,True,503.0,6812,,,
bjqipai.com,jpcert,0.04125318303704262,True,503.0,6805,,,
jsft.dk,phishtank,0.2532925605773926,True,503.0,6801,,,
wistariatree.cn,jpcert,0.03946918249130249,True,503.0,6809,,,
terrarioskarungen.cl,jpcert,0.09064478427171707,True,503.0,6814,,,
white-ar.com,phishtank,0.047317493706941605,True,503.0,6806,,,
internetku.id,jpcert,0.08885218948125839,True,,0,,,
hisashi.me,jpcert,0.02170194871723652,True,503.0,6804,,,
panther.wiki,jpcert,0.02731858752667904,True,403.0,7007,,,
kvchinvoiceorg.com,phishtank,0.040400806814432144,True,503.0,6812,,,
2q4npu.sbs,phishtank,0.21615181863307953,False,,0,,,
fnopz.cn,jpcert,0.22990211844444275,True,503.0,6802,,,
drehorgelorchester-sahm.de,phishtank,0.00998744461685419,False,,0,,,
theagileparrot.org,phishtank,0.041910700500011444,True,503.0,6812,,,
ovrar.cn,phishtank,0.058986254036426544,True,503.0,6802,,,
vraiduo.com,phishtank,0.07089259475469589,True,503.0,6805,,,
sabaycd.com,phishtank,0.05991664156317711,True,503.0,6805,,,
sblsec-dmaiue.com,phishtank,0.12361536920070648,False,,0,,,
anonhanashima.com,jpcert,0.02596476674079895,True,200.0,2633,unknown,copyright,
indiexindie.com,jpcert,0.04067843779921532,False,,0,,,
moretime123.com,jpcert,0.05949827656149864,True,503.0,6809,,,
fullaski.com,phishtank,0.1268058717250824,True,503.0,6806,,,
krokomama.com,jpcert,0.01948241889476776,True,503.0,6807,,,
sec82.com.pl,phishtank,0.08032570779323578,False,,0,,,
nrsecsecuritysystems.com,jpcert,0.019631508737802505,True,503.0,6818,,,
tolocha.com,phishtank,0.03869461640715599,True,503.0,6805,,,
rqhl.cn,phishtank,0.2532925605773926,False,,0,,,
garnote.com,jpcert,0.02725891023874283,True,200.0,18021,unknown,copyright,
czqby.com,certificates,0.05798223987221718,True,200.0,58194,unknown,copyright,
baohebolt.com,jpcert,0.02281624637544155,True,200.0,66441,True,contact|copyright|company,
jcb-jp.net,certificates,0.17347699403762817,True,503.0,6804,,,
dolcehanoigoldenlake.com,jpcert,0.08845699578523636,True,200.0,63678,True,copyright|company,
oqjbjas.xyz,phishtank,0.17940764129161835,False,,0,,,
nintendo.pe,jpcert,0.06285835802555084,True,403.0,5465,,,
techwizz.in,certificates,0.15408188104629517,False,,0,,,
update-amazaon-co-jp.icu,jpcert,0.26773589849472046,False,,0,,,
alwaysat.com,certificates,0.008115042932331562,True,503.0,6806,,,
healthynbalanced.com,jpcert,0.007500898092985153,True,404.0,19,,,
bocastraders.com,jpcert,0.04789638891816139,True,503.0,6810,,,
colomboporto.com,phishtank,0.015518742613494396,True,,0,,,
renuprints.com,phishtank,0.037908684462308884,True,503.0,6808,,,
sulejidian.com,jpcert,0.08367623388767242,True,503.0,6808,,,
grandentrydoorsadmin.com,phishtank,0.010654938407242298,True,503.0,6818,,,
lightproject.jp,jpcert,0.0242367722094059,True,200.0,669351,True,contact|copyright,
seccpjjpp.com,phishtank,0.15851451456546783,True,503.0,6807,,,
oscar-sun.gr,phishtank,0.031779684126377106,True,503.0,6806,,,
goo.io,jpcert,0.03679419681429863,True,503.0,6800,,,
rs-bt.com,jpcert,0.09462803602218628,True,503.0,6803,,,
aicolumns.com,jpcert,0.08541742712259293,True,503.0,6807,,,
flownergy.com,jpcert,0.09998244792222977,True,200.0,77795,True,contact|copyright,
abka3d.co,jpcert,0.20419761538505554,False,,0,,,
padangbaycity.com,jpcert,0.024051235988736153,True,403.0,514,,,
gtfotv.com,jpcert,0.06282248347997665,False,,0,,,
yebxcd.com,jpcert,0.07934031635522842,False,,0,,,
municipiofreire.cl,jpcert,0.023644834756851196,True,503.0,6812,,,
steamcormmunrity.com,phishtank,0.07344971597194672,True,503.0,6814,,,
bunkasousaku.com,jpcert,0.03729298338294029,True,503.0,6810,,,
haberkral.com,jpcert,0.009331226348876953,True,200.0,76753,unknown,,
alruba.ae,jpcert,0.0291786827147007,True,,0,,,
sparkasse-spush.de,phishtank,0.03338184580206871,True,503.0,6812,,,
yunwaisong.com,certificates,0.0975770428776741,False,,0,,,
paleoftmc.com,jpcert,0.24884214997291565,False,,0,,,
dvegov.cn,phishtank,0.16001881659030914,True,503.0,6803,,,
depot-tentative.com,phishtank,0.24209652841091156,True,503.0,6813,,,
glistergold.com,jpcert,0.006213549990206957,True,200.0,78305,True,about us|contact|privacy policy,
nozhah.com,jpcert,0.021322021260857582,True,503.0,6804,,,
new.atsspb.ru,phishtank,0.04619055613875389,True,200.0,274,,,
exgeomin.com,jpcert,0.04172155633568764,True,503.0,6806,,,
goldennumber.pk,jpcert,0.05683569610118866,True,406.0,226,,,
dyama.org,jpcert,0.020132603123784065,True,,0,,,
academicagent.net,phishtank,0.03549171984195709,False,,0,,,
item.zone,jpcert,0.01933480240404606,True,200.0,316,,,
sospaiement-assistance.com,phishtank,0.25818151235580444,True,503.0,6820,,,
writingacer.com,jpcert,0.06801941990852356,False,,0,,,
reetentertainment.com,jpcert,0.04168384149670601,True,200.0,347,,,
hutaobang.com,jpcert,0.0670839324593544,True,503.0,6807,,,
absolutepleasure.com.my,phishtank,0.04598349705338478,True,503.0,6817,,,
cajaal.pe,phishtank,0.03366902470588684,True,503.0,6803,,,
nta-tax.com,jpcert,0.1220858097076416,True,503.0,6805,,,
uniquederma.com.cn,jpcert,0.17308257520198822,False,,0,,,
colocationquimper.com,jpcert,0.07524553686380386,True,200.0,13917,unknown,contact,
ulys-fr.com,phishtank,0.18985866010189056,False,,0,,,
phanepal.org,certificates,0.016652971506118774,True,200.0,158773,True,contact|copyright,
almiras.kz,phishtank,0.1898452341556549,True,503.0,6804,,,
guestreviewes.com,phishtank,0.010648797266185284,True,503.0,6811,,,
getupdate.net,jpcert,0.021888386458158493,False,,0,,,
jazmin-services.com,jpcert,0.06141926720738411,False,,0,,,
galex-pro.com,jpcert,0.0566120445728302,True,403.0,514,,,
oxx.jp,jpcert,0.02729586511850357,False,,0,,,
pedestrian.jp,phishtank,0.020656829699873924,True,200.0,136387,unknown,contact,
socinno.com,jpcert,0.020202621817588806,True,200.0,2204,unknown,,
anastasioudesign.com,phishtank,0.08495306968688965,True,503.0,6814,,,
rabikikaku.com,jpcert,0.03784915804862976,True,500.0,435,,,
aemvx.cn,jpcert,0.0717637687921524,True,503.0,6802,,,
samedayme.com,certificates,0.09862535446882248,True,200.0,207714,True,about us|contact|privacy policy,
den-tan.com,phishtank,0.12331705540418625,False,,0,,,
kelpai.cn,jpcert,0.1161298081278801,True,403.0,514,,,
nexoenlinea.x10.bz,phishtank,0.027831733226776123,False,,0,,,
trampolineparkzone.com,phishtank,0.04133699834346771,True,503.0,6816,,,
au-osteopath.com,jpcert,0.2081703096628189,True,503.0,6810,,,
au-safety.com,jpcert,0.2373163253068924,True,503.0,6807,,,
honecon.net,certificates,0.2498473823070526,False,,0,,,
jingle.bio,phishtank,0.03460479527711868,True,200.0,187391,True,privacy policy|terms of service|company,
play-learn-grow.ca,phishtank,0.023364922031760216,False,,0,,,
ghazalalvand.ir,phishtank,0.10035674273967743,False,,0,,,
ns2bradesc.online,phishtank,0.14235453307628632,True,503.0,6811,,,
igesz.cn,phishtank,0.06746434420347214,True,503.0,6802,,,
4uwtejd.lat,phishtank,0.010839262045919895,False,,0,,,
hgmc.net,jpcert,0.061885520815849304,False,,0,,,
ryanboydhairphd.com,phishtank,0.08947429060935974,False,,0,,,
2ctcat.lat,phishtank,0.04065116494894028,True,503.0,6804,,,
finlex.cn,certificates,0.026908308267593384,True,503.0,6803,,,
s9fmpo.lat,phishtank,0.10285290330648422,False,,0,,,
sniperland.by,phishtank,0.030930040404200554,True,503.0,6807,,,
paquet-mondiai.com,phishtank,0.2681460976600647,True,503.0,6812,,,
tomaschool.ru,certificates,0.06941528618335724,True,200.0,3476796,unknown,copyright,
jwnjg.com,jpcert,0.05786936357617378,True,503.0,6803,,,
izykdq.top,phishtank,0.19149065017700195,False,,0,,,
videochat.jee.cx,phishtank,0.08020290732383728,False,,0,,,
rbtpoklvbvn.icu,phishtank,0.021720224991440773,False,,0,,,
hrw.com.br,jpcert,0.014034961350262165,True,503.0,6804,,,
friedchicken.cn,certificates,0.11877571791410446,False,,0,,,
jppost-acc.com,certificates,0.19300654530525208,False,,0,,,
quniu365.com,certificates,0.0948888510465622,True,503.0,6806,,,
issiuk.com.cn,jpcert,0.08403178304433823,False,,0,,,
kemoproretail.com,jpcert,0.03420946002006531,True,406.0,226,,,
autodestak.com.br,phishtank,0.05857392027974129,True,503.0,6811,,,
socialport.io,jpcert,0.017080754041671753,True,503.0,6807,,,
altinii.dk,jpcert,0.017114218324422836,True,200.0,540379,True,contact|copyright,
idescrow.com,certificates,0.031754422932863235,True,503.0,6806,,,
einoq.cn,jpcert,0.1871263086795807,True,503.0,6802,,,
unionservicex.com,phishtank,0.06532654166221619,False,,0,,,
cjzuibang.com,jpcert,0.043896228075027466,True,503.0,6807,,,
asrefem.top,jpcert,0.26887786388397217,False,,0,,,
cpyg.net,certificates,0.1408940553665161,False,,0,,,
netbka.net,certificates,0.18334706127643585,False,,0,,,
weilong-motor.com,jpcert,0.11535215377807617,False,,0,,,
buavsh.com,phishtank,0.08670138567686081,True,503.0,6804,,,
zsedsu.cn,jpcert,0.06428564339876175,True,403.0,514,,,
attisguatemala.com,phishtank,0.1074138879776001,True,503.0,6812,,,
mesco-group.com,phishtank,0.17494860291481018,True,503.0,6809,,,
haoclass.com,certificates,0.023214563727378845,True,,0,,,
mysbisecjpeta.com,phishtank,0.015616942197084427,True,503.0,6811,,,
lvaib.cn,phishtank,0.23697805404663086,True,503.0,6802,,,
ykj-tax.com,jpcert,0.15777833759784698,True,200.0,29944,unknown,copyright,
mondiai-repro.com,phishtank,0.24294044077396393,True,503.0,6811,,,
mispalis.com,jpcert,0.05482235923409462,False,,0,,,
elmo-danesh.ir,jpcert,0.01927264779806137,True,200.0,1296987,unknown,contact,
k-strategian.com,certificates,0.010355648584663868,True,200.0,48208,True,contact|copyright,
hengsenshengda.com,phishtank,0.024647023528814316,True,503.0,6812,,,
my02-bill-renewal.com,phishtank,0.20998936891555786,True,503.0,6815,,,
iprorab.pro,phishtank,0.0116354338824749,True,503.0,6805,,,
nagasakiseikotuin.com,jpcert,0.28074994683265686,False,,0,,,
ostwaltsonsite.com,phishtank,0.02811650186777115,True,503.0,6812,,,
unymlifeportal.com,phishtank,0.03534147888422012,False,,0,,,
emkismabcsmjp.top,phishtank,0.009744102135300636,False,,0,,,
avnetworkonsite.co.za,jpcert,0.05425297096371651,True,,0,,,
vticket.eu,phishtank,0.009044124744832516,True,503.0,6804,,,
mcareapps.org,phishtank,0.0011944478610530496,True,,0,,,
crm.avtovelomoto.by,phishtank,0.027260672301054,True,,0,,,
lexa.com.tr,jpcert,0.07642873376607895,True,200.0,549087,True,contact|company,
ayaksesuar.com,jpcert,0.042546216398477554,False,,0,,,
tbmservice.com,jpcert,0.03305051475763321,True,503.0,6808,,,
1doi.com,phishtank,0.01912662759423256,True,,0,,,
skinomonkey.org,phishtank,0.01738670840859413,False,,0,,,
rctws.org,phishtank,0.05798223987221718,False,,0,,,
verif-mondial.com,phishtank,0.22371800243854523,True,,0,,,
binancell.com,certificates,0.1032794862985611,False,,0,,,
aono.shop,certificates,0.010894612409174442,True,,0,,,
